labels,Area,X,Y,XM,YM,Perim.,BX,BY,Width,Height,Circ.,Feret,FeretX,FeretY,FeretAngle,MinFeret,AR,Round,Solidity,Esferoide,dia,Diameter,n_diam
Esferas_BT474_dia_1_well_1_100X_1_blob_6,515.5105,764.1602,86.5956,764.1602,86.5956,94.5625,752.038,69.9728,24.4565,32.6087,0.7245,34.7199,1111,149,59.4208,19.2591,1.9824,0.5044,0.899,si,1,26.9895,3.185781873621864
Esferas_BT474_dia_1_well_2_100X_2_blob_61,1207.3192,811.3922,778.9824,811.3922,778.9824,131.0424,791.4402,759.5109,40.0815,38.7228,0.8835,40.6985,1179,1121,123.4248,38.7228,1.0373,0.964,0.9682,si,1,39.71065,10.14734689567994
Esferas_BT474_dia_1_well_2_100X_1_blob_20,475.3589,1465.0499,791.3894,1465.0499,791.3894,81.8397,1452.4457,779.212,25.8152,24.4565,0.8919,26.4946,2139,1157,157.3801,24.2621,1.0763,0.9291,0.9519,si,1,25.37835,2.648632279299652
Esferas_BT474_dia_1_well_1_100X_1_blob_90,1349.4654,1227.9468,855.2971,1227.9468,855.2971,143.1058,1207.8804,832.2011,41.4402,43.4783,0.8281,44.6978,1789,1287,65.7723,39.8361,1.0983,0.9105,0.9475,si,1,42.26695,12.235852982214016
Esferas_BT474_dia_1_well_2_100X_2_blob_1,914.7197,75.1605,24.8651,75.1605,24.8651,113.9139,57.0652,8.8315,36.6848,31.9293,0.8858,37.8489,85,26,158.9625,31.9293,1.1711,0.8539,0.964,si,1,34.8891,6.8817805491633655
Esferas_BT474_dia_1_well_2_100X_2_blob_12,935.0263,1238.0584,197.4183,1238.0584,197.4183,125.8408,1221.4674,176.6304,35.3261,40.7609,0.742,41.7066,1811,260,102.2251,34.8044,1.0194,0.981,0.9153,si,1,38.2555,9.072211525723263
Esferas_BT474_dia_1_well_1_100X_1_blob_105,1001.9457,1112.6151,1039.7775,1112.6151,1039.7775,118.7176,1093.75,1023.0978,37.3641,34.6467,0.8934,37.8976,1611,1521,165.4655,34.6467,1.0777,0.9279,0.9701,si,1,36.27215,7.733060647001241
Esferas_BT474_dia_1_well_1_100X_2_blob_5,660.4258,95.3078,305.9869,95.3078,305.9869,119.7466,80.163,291.4402,31.9293,28.5326,0.5788,36.7099,121,463,38.991,27.1928,1.1993,0.8338,0.8992,no,1,31.95135,5.285659195392193
Esferas_BT474_dia_1_well_1_100X_1_blob_57,435.6687,562.2129,523.6203,562.2129,523.6203,81.6066,550.2717,511.5489,25.8152,23.7772,0.8221,26.6941,810,776,14.7436,22.5282,1.1336,0.8821,0.9337,si,1,24.61115,2.415612353610628
Esferas_BT474_dia_1_well_2_100X_3_blob_39,816.4173,1221.221,630.4035,1221.221,630.4035,108.246,1203.8043,614.1304,34.6467,32.6087,0.8756,37.7756,1776,910,142.3058,27.8857,1.3611,0.7347,0.9601,si,1,32.83065,5.734162068465443
Esferas_BT474_dia_1_well_1_100X_1_blob_84,375.2105,1557.1216,812.091,1557.1216,812.091,71.9992,1546.1957,800.9511,21.7391,22.4185,0.9096,23.3759,2278,1186,144.4623,21.7391,1.0347,0.9664,0.9553,si,1,22.5575,1.8599634841309551
Esferas_BT474_dia_1_well_2_100X_2_blob_18,492.4349,770.5482,246.8322,770.5482,246.8322,82.8004,757.4728,234.375,25.8152,25.1359,0.9026,27.1229,1115,357,157.9321,25.0754,1.0349,0.9663,0.9544,si,1,26.09915,2.8807834284709912
Esferas_BT474_dia_1_well_2_100X_2_blob_34,902.2588,1082.9136,459.4825,1082.9136,459.4825,112.9531,1066.5761,440.8967,31.9293,36.6848,0.8887,37.2156,1587,650,111.413,31.2998,1.1723,0.853,0.9638,si,1,34.2577,6.51487557110425
Esferas_BT474_dia_1_well_2_100X_2_blob_48,667.3485,510.7291,620.044,510.7291,620.044,97.8427,496.6033,605.2989,29.212,30.5707,0.8759999999999999,31.3164,740,933,65.6589,28.5635,1.1044,0.9054,0.9551,no,1,29.939950000000003,4.348953179004597
Esferas_BT474_dia_1_well_2_100X_3_blob_22,509.5109,799.1826,317.4813,799.1826,317.4813,83.5963,786.0054,305.0272,26.4946,24.4565,0.9162,26.9437,1160,456,146.3099,24.4565,1.0659,0.9382,0.9621,si,1,25.7001,2.7506539668043013
Esferas_BT474_dia_1_well_2_100X_3_blob_8,525.2023,1648.0883,122.9566,1648.0883,122.9566,87.2745,1634.5109,110.0543,27.1739,25.8152,0.8665,28.3785,2411,196,47.9108,25.7844,1.0577,0.9455,0.9456,si,1,27.08145,3.218453664108869
Esferas_BT474_dia_1_well_1_100X_1_blob_100,1763.443,773.1863,991.9551,773.1863,991.9551,206.8845,741.1685,963.3152,61.8207,54.3478,0.5177,67.2417,1092,1487,29.6731,39.6484,2.0632,0.4847,0.8481,no,1,53.44505,24.7373960917482
Esferas_BT474_dia_1_well_2_100X_3_blob_69,537.2017,1474.6534,1176.1384,1474.6534,1176.1384,87.4393,1461.2772,1163.0435,26.4946,25.8152,0.8829,28.6698,2153,1720,143.6732,25.5203,1.1026,0.907,0.9537,si,1,27.09505,3.223304913373683
Esferas_BT474_dia_1_well_1_100X_1_blob_127,390.9019,1310.9011,1249.7814,1310.9011,1249.7814,72.9599,1299.5924,1238.4511,22.4185,22.4185,0.9228,24.4942,1920,1825,123.6901,21.6167,1.1052,0.9048,0.9614,si,1,23.05545,1.9858769256235536
Esferas_BT474_dia_1_well_2_100X_2_blob_33,470.7437,516.3004,442.4426,516.3004,442.4426,84.7902,504.0761,430.7065,24.4565,23.7772,0.8228,27.7204,743,642,143.9726,23.7772,1.0537,0.9491,0.9414,si,1,25.74880000000001,2.766320541791265
Esferas_BT474_dia_1_well_1_100X_2_blob_23,472.1283,361.5913,1045.8201,361.5913,1045.8201,93.8348,347.8261,1031.25,29.212,27.1739,0.6738,35.0704,518,1518,134.2152,19.1856,1.8544,0.5393,0.8792,si,1,27.128,3.2350786994568006
Esferas_BT474_dia_1_well_2_100X_2_blob_78,1881.1289,101.0898,1057.6544,101.0898,1057.6544,171.3653,78.8043,1027.1739,46.1957,58.4239,0.805,59.4264,137,1512,100.5392,44.6425,1.3508,0.7403,0.9482,si,1,52.03445,22.829921871741792
Esferas_BT474_dia_1_well_1_100X_1_blob_121,640.1192,1406.0636,1202.7584,1406.0636,1202.7584,95.1935,1390.625,1189.538,31.25,26.4946,0.8877,31.7191,2047,1767,170.1342,26.4946,1.1847,0.8441,0.9612,si,1,29.10685,3.995923297096277
Esferas_BT474_dia_1_well_2_100X_2_blob_17,1131.631,762.5718,206.7157,762.5718,206.7157,141.3492,739.8098,190.8967,47.5543,32.6087,0.7118,47.9458,1089,298,172.6736,30.7594,1.5219999999999998,0.657,0.9307,no,1,39.3526,9.875334462361614
Esferas_BT474_dia_1_well_1_100X_1_blob_70,365.9802,234.1013,625.3619,234.1013,625.3619,70.2425,222.8261,614.8098,21.7391,21.7391,0.9321,22.8366,338,905,112.751,21.6167,1.0225,0.978,0.9618,no,1,22.22665,1.779317918080786
Esferas_BT474_dia_1_well_2_100X_3_blob_27,414.4391,1559.7221,376.3247,1559.7221,376.3247,76.8029,1547.5543,365.4891,24.4565,21.7391,0.8829,24.7939,2278,550,170.5377,21.7391,1.1041,0.9057,0.9513,si,1,23.2665,2.0409139330688464
Esferas_BT474_dia_1_well_1_100X_1_blob_103,410.2855,563.1316,1008.4032,563.1316,1008.4032,75.2793,551.6304,996.6033,23.0978,23.0978,0.9098,23.7772,815,1495,36.8699,23.0978,1.0082,0.9918,0.9569,si,1,23.4375,2.0862453182165
Esferas_BT474_dia_1_well_2_100X_3_blob_20,532.5865,1451.8917,300.808,1451.8917,300.808,88.9629,1438.8587,288.0435,26.4946,26.4946,0.8456,29.495,2122,427,128.4537,25.4597,1.1049,0.905,0.9498,no,1,27.47735,3.3616775744503062
Esferas_BT474_dia_1_well_2_100X_3_blob_53,685.3475,1288.4998,935.5985,1288.4998,935.5985,99.2013,1272.4185,921.1957,31.9293,29.212,0.8752,34.0488,1874,1366,151.3895,25.8242,1.2921,0.7739,0.9593,si,1,29.9365,4.347449954086777
Esferas_BT474_dia_1_well_2_100X_2_blob_8,442.5914,44.2911,116.1228,44.2911,116.1228,79.1223,32.6087,104.6196,23.7772,23.7772,0.8884,25.2184,50,181,27.2553,23.7772,1.0008,0.9992,0.9542,si,1,24.4978,2.3823895425706607
Esferas_BT474_dia_1_well_2_100X_3_blob_67,603.6596,991.9704,1166.4366,991.9704,1166.4366,92.0099,977.5815,1151.4946,28.5326,29.212,0.8961,31.4707,1449,1737,57.3391,24.4989,1.2498,0.8001,0.9575,si,1,27.9848,3.5513881583692544
Esferas_BT474_dia_1_well_1_100X_1_blob_112,3057.0652,151.7729,1102.1894,151.7729,1102.1894,220.3749,119.5652,1069.2935,63.1793,65.2174,0.7909999999999999,73.7617,182,1655,40.1434,58.2185,1.2922,0.7739,0.9476,si,1,65.9901,46.565886933746064
Esferas_BT474_dia_1_well_1_100X_1_blob_108,386.2868,696.3352,1058.5152,696.3352,1058.5152,72.7951,685.462,1047.5543,22.4185,21.7391,0.916,23.4252,1016,1573,60.4612,21.7391,1.0218,0.9786,0.9588,no,1,22.58215,1.866067647168226
Esferas_BT474_dia_1_well_2_100X_3_blob_47,527.0484,1059.111,804.2729,1059.111,804.2729,84.3923,1046.875,791.4402,24.4565,26.4946,0.9299,27.7537,1551,1165,111.541,24.4565,1.0787,0.927,0.9686,si,1,26.1051,2.882754132808377
Esferas_BT474_dia_1_well_2_100X_3_blob_21,899.9513,1106.1915,311.7388,1106.1915,311.7388,116.7961,1086.2772,296.1957,40.0815,30.5707,0.8290000000000001,41.3901,1600,448,156.8014,28.1881,1.4951,0.6689,0.958,si,1,34.7891,6.822775805576018
Esferas_BT474_dia_1_well_2_100X_2_blob_80,1123.3238,1655.5815,1078.5068,1655.5815,1078.5068,127.5974,1635.8696,1059.7826,40.0815,36.6848,0.867,41.507,2409,1576,158.8952,35.838,1.1547,0.866,0.9621,si,1,38.6725,9.37212914166722
Esferas_BT474_dia_1_well_1_100X_1_blob_118,1090.0948,834.0249,1175.0603,834.0249,1175.0603,124.6469,815.2174,1156.25,38.7228,37.3641,0.8817,39.4373,1200,1725,169.0772,37.0094,1.0771,0.9284,0.9629,si,1,38.22335,9.04935782773375
Esferas_BT474_dia_1_well_2_100X_2_blob_49,541.3553,1238.017,627.5677,1238.017,627.5677,88.2352,1224.1848,614.8098,27.8533,25.8152,0.8738,27.9855,1802,921,174.4278,25.8152,1.0604,0.943,0.9483,si,1,26.90035,3.1543168199806835
Esferas_BT474_dia_1_well_2_100X_3_blob_5,315.2137,1484.1965,51.992,1484.1965,51.992,66.7975,1473.5054,42.1196,21.0598,19.7011,0.8878,22.2117,2169,71,156.5713,19.7011,1.1219,0.8913,0.9466,si,1,20.9564,1.491356796983188
Esferas_BT474_dia_1_well_1_100X_2_blob_27,365.9802,503.2472,1214.6324,503.2472,1214.6324,70.6405,492.5272,1203.8043,21.7391,21.7391,0.9216,22.9877,731,1774,124.1597,21.4626,1.0658,0.9383,0.9566,si,1,22.22515,1.77895770229103
Esferas_BT474_dia_1_well_1_100X_2_blob_13,428.746,52.4345,598.127,52.4345,598.127,76.638,40.7609,586.2772,23.0978,23.7772,0.9173,24.5507,72,863,104.4208,23.0978,1.038,0.9634,0.9602,no,1,23.82425,2.1912363966555057
Esferas_BT474_dia_1_well_1_100X_2_blob_18,691.3472,102.8641,766.2803,102.8641,766.2803,116.961,85.5978,750.6793,33.288000000000004,33.288000000000004,0.6351,40.1333,126,1118,146.0409,26.9008,1.5397,0.6495,0.8954,no,1,33.51705,6.101391344471827
Esferas_BT474_dia_1_well_1_100X_1_blob_7,887.0289,1112.6038,100.2179,1112.6038,100.2179,133.7598,1093.75,78.8043,38.7228,42.1196,0.623,47.6755,1623,117,122.7843,27.0994,2.0934,0.4777,0.8538,si,1,37.38745,8.468549991105016
Esferas_BT474_dia_1_well_1_100X_2_blob_10,763.3433,368.3564,528.947,368.3564,528.947,110.1392,355.9783,509.5109,24.4565,39.4022,0.7908,40.0412,532,751,104.7436,24.0688,1.7239,0.5801,0.9481,si,1,32.055,5.3372661929877925
Esferas_BT474_dia_1_well_2_100X_2_blob_70,1557.608,160.9417,909.7636,160.9417,909.7636,155.4307,137.9076,887.2283,47.5543,43.4783,0.8102,52.2568,204,1360,26.2319,41.6642,1.2293,0.8135,0.9524,si,1,46.9605,16.781456703378172
Esferas_BT474_dia_1_well_2_100X_3_blob_2,1463.9207,1549.4808,45.5981,1549.4808,45.5981,162.2241,1529.2120000000002,19.7011,39.4022,52.3098,0.6990000000000001,56.5493,2258,31,118.7203,35.8357,1.6969,0.5893,0.9125,no,1,46.1925,15.971507961780286
Esferas_BT474_dia_1_well_2_100X_1_blob_26,778.1117,834.8967,991.8946,834.8967,991.8946,106.4893,818.6141,975.5435,32.6087,32.6087,0.8623,34.5133,1212,1441,126.1932,29.5928,1.1553,0.8656,0.9571,si,1,32.05305,5.336292207404262
Esferas_BT474_dia_1_well_1_100X_2_blob_19,555.2007,545.9311,871.3421,545.9311,871.3421,94.9604,533.288,855.2989,23.7772,32.6087,0.7737,33.6123,797,1307,75.9638,23.2721,1.5019999999999998,0.6658,0.9243,no,1,28.4422,3.7283877962977456
Esferas_BT474_dia_1_well_2_100X_3_blob_11,374.7489,1215.4436,184.6931,1215.4436,184.6931,71.9992,1204.4837,173.91299999999995,22.4185,21.0598,0.9084,23.7286,1773,278,23.6294,21.0598,1.086,0.9208,0.9564,si,1,22.3942,1.8198608297061327
Esferas_BT474_dia_1_well_2_100X_2_blob_30,1157.4758,494.0646,397.5580000000001,494.0646,397.5580000000001,136.2441,473.5054,380.4348,42.1196,36.6848,0.7836,43.3294,710,610,48.8141,36.6848,1.1565,0.8647,0.9409,si,1,40.0071,10.376305149771062
Esferas_BT474_dia_1_well_2_100X_2_blob_23,1057.3274,416.4504,317.5607,416.4504,317.5607,133.197,400.8152,294.837,31.25,46.875,0.7489,48.1187,604,434,103.0552,28.2314,1.7143,0.5833,0.929,si,1,38.17505,9.015096160042573
Esferas_BT474_dia_1_well_2_100X_1_blob_1,463.821,1421.7462,83.3249,1421.7462,83.3249,84.5571,1407.6087,71.3315,26.4946,24.4565,0.8152,27.3263,2075,113,145.1247,23.3637,1.1903,0.8401,0.9141,no,1,25.345,2.638204194808442
Esferas_BT474_dia_1_well_1_100X_1_blob_111,1836.8236,607.5385,1084.3859,607.5385,1084.3859,175.1118,579.4837,1061.8207,52.9891,44.837,0.7527,56.2876,853,1607,23.471,44.837,1.2145,0.8234,0.9519,no,1,50.56229999999999,20.94652493983521
Esferas_BT474_dia_1_well_2_100X_2_blob_1,914.7197,75.1605,24.8651,75.1605,24.8651,113.9139,57.0652,8.8315,36.6848,31.9293,0.8858,37.8489,85,26,158.9625,31.9293,1.1711,0.8539,0.964,si,1,34.8891,6.8817805491633655
Esferas_BT474_dia_1_well_2_100X_2_blob_2,1206.8577,580.112,33.4641,580.112,33.4641,140.0871,560.462,10.1902,38.7228,46.875,0.7728,51.6706,838,84,65.1196,28.7773,1.7679,0.5657,0.9614,si,1,40.22395,10.545949038488551
Esferas_BT474_dia_1_well_2_100X_2_blob_3,1347.6193,28.9328,52.9349,28.9328,52.9349,139.9905,6.7935,33.288000000000004,44.1576,39.4022,0.8641,44.6771,10,73,171.2538,39.1857,1.1436,0.8744,0.962,si,1,41.9314,11.946745396263234
Esferas_BT474_dia_1_well_2_100X_2_blob_4,1484.2273,399.6327,55.8886,399.6327,55.8886,149.1034,378.3967,33.288000000000004,44.1576,44.837,0.8389,51.0642,566,52,130.684,40.0298,1.2497,0.8002,0.9616,si,1,45.547,15.3112571642128
Esferas_BT474_dia_1_well_2_100X_2_blob_5,1008.8684,841.1255,82.9317,841.1255,82.9317,125.0448,821.3315,65.2174,38.7228,35.3261,0.8108,42.125,1214,101,142.2061,33.102,1.2196,0.8199,0.9457,si,1,37.6135,8.623086870618188
Esferas_BT474_dia_1_pozo_^~2_100X_2_blob_6,1549.7622,309.2058,100.2774,309.2058,100.2774,152.2188,283.9674,81.5217,50.2717,38.7228,0.8405,50.9511,419,155,16.2602,38.2603,1.293,0.7734,0.9658,si,1,44.6057,14.381447406089794
Esferas_BT474_dia_1_well_2_100X_2_blob_7,1068.8652,162.4336,106.9002,162.4336,106.9002,124.1524,144.0217,87.6359,36.0054,38.0435,0.8714,40.2195,221,180,52.5494,35.8117,1.0882,0.919,0.9608,si,1,38.0156,8.90260424811345
Esferas_BT474_dia_1_well_2_100X_2_blob_8,442.5914,44.2911,116.1228,44.2911,116.1228,79.1223,32.6087,104.6196,23.7772,23.7772,0.8884,25.2184,50,181,27.2553,23.7772,1.0008,0.9992,0.9542,si,1,24.4978,2.3823895425706607
Esferas_BT474_dia_1_well_2_100X_2_blob_9,627.6583,707.9693,121.887,707.9693,121.887,95.7563,694.2935,106.6576,27.8533,30.5707,0.8602,32.2744,1030,159,120.3432,24.9069,1.294,0.7728,0.9491,si,1,28.59065,3.78707239169321
Esferas_BT474_dia_1_well_2_100X_2_blob_11,479.051,752.1918,171.3822,752.1918,171.3822,82.0728,739.1304,159.6467,25.8152,23.0978,0.8937,27.3854,1089,244,150.2551,23.0978,1.1221,0.8912,0.958,si,1,25.2416,2.606046500056148
Esferas_BT474_dia_1_well_2_100X_2_blob_12,935.0263,1238.0584,197.4183,1238.0584,197.4183,125.8408,1221.4674,176.6304,35.3261,40.7609,0.742,41.7066,1811,260,102.2251,34.8044,1.0194,0.981,0.9153,si,1,38.2555,9.072211525723263
Esferas_BT474_dia_1_well_2_100X_2_blob_14,996.8691,686.0017,202.9017,686.0017,202.9017,120.2411,667.7989,185.462,38.0435,35.3261,0.8664,38.5556,984,289,165.7189,34.9522,1.1016,0.9078,0.9594,si,1,36.7539,8.045291939622492
Esferas_BT474_dia_1_well_2_100X_2_blob_15,1382.6944,1009.7515,210.1003,1009.7515,210.1003,142.8045,986.413,190.2174,45.5163,40.7609,0.852,46.9291,1454,321,22.1094,40.0391,1.1705,0.8543,0.9603,si,1,43.4841,13.32364268789346
Esferas_BT474_dia_1_well_2_100X_2_blob_16,1115.9396,647.5944,209.9971,647.5944,209.9971,128.2285,627.7174,190.8967,38.0435,36.6848,0.8529,40.1045,931,329,51.1886,36.6848,1.0327,0.9684,0.9628,si,1,38.39465,9.171569445255338
Esferas_BT474_dia_1_well_2_100X_2_blob_18,492.4349,770.5482,246.8322,770.5482,246.8322,82.8004,757.4728,234.375,25.8152,25.1359,0.9026,27.1229,1115,357,157.9321,25.0754,1.0349,0.9663,0.9544,si,1,26.09915,2.8807834284709912
Esferas_BT474_dia_1_well_2_100X_2_blob_19,627.6583,1197.8765,248.3281,1197.8765,248.3281,99.0365,1181.3859,235.0543,32.6087,25.8152,0.8042,32.7217,1739,362,175.2364,25.8152,1.233,0.8109999999999999,0.9341,si,1,29.26845,4.062849086127882
Esferas_BT474_dia_1_well_2_100X_2_blob_22,1317.1594,236.1193,308.7572,236.1193,308.7572,137.2731,212.6359,290.7609,46.1957,36.6848,0.8784,46.6925,313,458,8.3659,36.2892,1.2749,0.7844,0.9671,si,1,41.49085,11.574134265327096
Esferas_BT474_dia_1_well_2_100X_2_blob_23,1057.3274,416.4504,317.5607,416.4504,317.5607,133.197,400.8152,294.837,31.25,46.875,0.7489,48.1187,604,434,103.0552,28.2314,1.7143,0.5833,0.929,si,1,38.17505,9.015096160042573
Esferas_BT474_dia_1_well_2_100X_2_blob_24,694.1163,76.0815,311.3599,76.0815,311.3599,99.7641,61.1413,295.5163,29.8913,31.9293,0.8764,33.3158,97,478,50.7928,27.2201,1.2177,0.8213,0.957,si,1,30.26795,4.493456518106315
Esferas_BT474_dia_1_well_2_100X_2_blob_25,529.8175,580.0790000000002,309.8897,580.0790000000002,309.8897,87.0414,567.2554,296.875,25.1359,27.8533,0.8788,28.8383,848,437,105.0184,25.1359,1.0839,0.9226,0.9551,si,1,26.9871,3.184932076854344
Esferas_BT474_dia_1_well_2_100X_2_blob_26,990.8694,24.8047,323.6137,24.8047,323.6137,124.0841,5.4348,305.7065,38.0435,36.0054,0.8087,39.8042,9,488,27.4397,33.9868,1.1796,0.8477,0.9435,si,1,36.8955,8.138637786025955
Esferas_BT474_dia_1_well_2_100X_2_blob_27,599.506,112.521,335.7817,112.521,335.7817,91.6802,98.5054,322.0109,28.5326,27.8533,0.8963,28.6698,150,480,143.6732,27.8533,1.0042,0.9958,0.9569,si,1,28.26155,3.657795748461569
Esferas_BT474_dia_1_well_2_100X_2_blob_28,1126.5544,363.9433,347.5641,363.9433,347.5641,131.1107,341.0326,330.163,44.1576,33.288000000000004,0.8235,44.4129,502,516,6.1466,33.288000000000004,1.3877,0.7206,0.9603,si,1,38.85045,9.502101835331842
Esferas_BT474_dia_1_well_2_100X_2_blob_30,1157.4758,494.0646,397.5580000000001,494.0646,397.5580000000001,136.2441,473.5054,380.4348,-42.1196,36.6848,0.7836,43.3294,710,610,48.8141,36.6848,1.1565,0.8647,0.9409,si,1,40.0071,10.376305149771062
Esferas_BT474_dia_1_well_2_100X_2_blob_32,1148.2455,1597.1863,441.9125,1597.1863,441.9125,127.0346,1578.125,421.875,38.0435,39.4022,0.8941,42.125,2332,626,127.7939,36.2772,1.1777,0.8491,0.9687,si,1,39.2011,9.761718527543945
Esferas_BT474_dia_1_well_2_100X_2_blob_33,470.7437,516.3004,442.4426,516.3004,442.4426,84.7902,504.0761,430.7065,24.4565,23.7772,0.8228,27.7204,743,642,143.9726,23.7772,1.0537,0.9491,0.9414,si,1,25.74880000000001,2.766320541791265
Esferas_BT474_dia_1_well_2_100X_2_blob_34,902.2588,1082.9136,459.4825,1082.9136,459.4825,112.9531,1066.5761,440.8967,31.9293,36.6848,0.8887,37.2156,1587,650,111.413,31.2998,1.1723,0.853,0.9638,si,1,34.2577,6.51487557110425
Esferas_BT474_dia_1_well_2_100X_2_blob_35,535.8171,1714.7169,463.192,1714.7169,463.192,87.0414,1701.0870000000002,450.4076,27.1739,25.8152,0.8887,27.5869,2504,678,170.0738,25.7547,1.0706,0.934,0.9505,si,1,26.6708,3.0742533005113466
Esferas_BT474_dia_1_well_2_100X_2_blob_36,1124.7083,1264.458,472.676,1264.458,472.676,127.5974,1243.2065,455.163,42.1196,35.3261,0.8681,43.0194,1832,684,158.7026,33.7281,1.2648,0.7906,0.9646,si,1,38.37375,9.156600056800654
Esferas_BT474_dia_1_well_2_100X_2_blob_37,593.9678,1215.1851,469.4254,1215.1851,469.4254,92.4761,1201.087,456.5217,28.5326,25.8152,0.8728,29.8295,1770,703,30.0686,25.8152,1.1064,0.9039,0.9569,si,1,27.82235,3.489899726982665
Esferas_BT474_dia_1_well_2_100X_2_blob_38,570.8922,671.3783,480.0279,671.3783,480.0279,89.3608,657.6087,466.712,27.8533,26.4946,0.8984,28.3785,968,711,11.0409,26.4946,1.0445,0.9574,0.9593,si,1,27.43655,3.3467249438863065
Esferas_BT474_dia_1_well_2_100X_2_blob_39,1268.7005,207.8054,494.4203,207.8054,494.4203,139.3312,192.9348,469.4293,30.5707,49.5924,0.8212,49.9679,301,764,82.9716,30.5707,1.5939,0.6274,0.9657,si,1,40.2693,10.581658972387594
Esferas_BT474_dia_1_well_2_100X_2_blob_40,352.5963,837.0117,479.9984,837.0117,479.9984,70.0777,826.087,469.4293,21.7391,21.0598,0.9023,22.9877,1219,717,34.1597,21.0598,1.0622,0.9414,0.9497,si,1,22.02375,1.7310329136494105
Esferas_BT474_dia_1_well_2_100X_2_blob_41,1231.3179,360.0775,503.8594,360.0775,503.8594,137.8359,338.9946,485.0543,40.7609,41.4402,0.8144,42.5448,512,768,51.4831,39.9316,1.0289,0.9719,0.9454,si,1,41.238200000000006,11.36398420913874
Esferas_BT474_dia_1_well_2_100X_2_blob_42,782.2653,251.1196,505.5476,251.1196,505.5476,107.1204,233.6957,491.8478,36.0054,28.5326,0.8567,36.7727,344,748,11.7251,28.5326,1.2495,0.8003,0.9547,si,1,32.65265,5.641399029069466
Esferas_BT474_dia_1_well_2_100X_2_blob_43,403.3628,348.0818,540.6132,348.0818,540.6132,73.9206,336.2772,529.212,23.0978,22.4185,0.9276,24.124,503,811,57.6526,22.4185,1.0587,0.9446,0.9599,si,1,23.27125,2.042164183920052
Esferas_BT474_dia_1_well_2_100X_2_blob_44,1138.0922,232.383,559.9322,232.383,559.9322,128.0636,211.2772,543.4783,42.1196,33.288000000000004,0.872,42.3872,311,822,173.5584,33.288000000000004,1.2456,0.8028,0.9703,si,1,37.8376,8.778135191847628
Esferas_BT474_dia_1_well_2_100X_2_blob_45,1269.6236,269.4308,583.9446,269.4308,583.9446,134.5557,248.6413,563.8587,40.0815,41.4402,0.8812,42.842,388,890,62.6223,39.7086,1.0545,0.9483,0.9654,si,1,41.2753,11.39468267980338
Esferas_BT474_dia_1_well_2_100X_2_blob_46,949.7947,373.2831,588.232,373.2831,588.232,116.6313,355.2989,569.9728,34.6467,35.3261,0.8774,38.1948,525,880,38.5007,33.9429,1.1128,0.8986,0.9639,si,1,36.06885,7.603760112246068
Esferas_BT474_dia_1_well_2_100X_2_blob_49,541.3553,1238.017,627.5677,1238.017,627.5677,88.2352,1224.1848,614.8098,27.8533,25.8152,0.8738,27.9855,1802,921,174.4278,25.8152,1.0604,0.943,0.9483,si,1,26.90035,3.1543168199806835
Esferas_BT474_dia_1_well_2_100X_2_blob_50,994.1,196.8018,649.2669999999998,196.8018,649.2669999999998,119.2804,176.6304,632.4728,39.4022,33.9674,0.878,39.8737,262,946,156.9296,32.7476,1.2172,0.8215,0.9599,si,1,36.31065,7.757710877754578
Esferas_BT474_dia_1_well_2_100X_2_blob_52,939.1799,1473.0172,667.3668,1473.0172,667.3668,115.8354,1455.8424,650.1359,34.6467,34.6467,0.8796,36.1078,2150,1002,48.8141,34.6467,1.0096,0.9905,0.964,si,1,35.37725000000001,7.174699758236918
Esferas_BT474_dia_1_well_2_100X_2_blob_53,1154.7067,88.959,686.6776,88.959,686.6776,133.3619,67.2554,667.7989,43.4783,37.3641,0.8159,47.1156,100,1026,28.4127,31.3402,1.5247,0.6559,0.9517,si,1,39.2279,9.781753140159434
Esferas_BT474_dia_1_well_2_100X_2_blob_54,856.1075,39.4965,689.9766,39.4965,689.9766,115.2043,22.4185,671.1957,33.9674,37.3641,0.8106,41.1721,40,991,127.6262,27.3837,1.4911,0.6707,0.9472,si,1,34.2779,6.526406826834687
Esferas_BT474_dia_1_well_2_100X_2_blob_56,1243.3173,1337.5547,700.1186,1337.5547,700.1186,132.7991,1318.6141,680.7065,40.0815,40.7609,0.8859,43.8429,1945,1052,40.6013,37.469,1.1627,0.8601,0.968,si,1,40.65595,10.88939773408748
Esferas_BT474_dia_1_well_2_100X_2_blob_58,617.505,251.3551,696.4123,251.3551,696.4123,101.2877,237.7717,682.0652,27.8533,31.25,0.7564,32.2958,362,1050,67.751,27.8533,1.0711,0.9336,0.9237,si,1,30.07455,4.407871580522949
Esferas_BT474_dia_1_well_2_100X_2_blob_59,520.5872,518.3514,702.9437,518.3514,702.9437,84.955,505.4348,690.2174,-25.8152,25.8152,0.9064,27.5869,751,1018,127.9987,25.8132,1.0525,0.9501,0.9576,si,1,26.70005,3.0843790443472714
"Esferoides/""_474BT__dia_1_well_2_100X_2_blob_60",487.3582,186.0307,706.5545,186.0307,706.5545,81.6749,173.2337,694.2935,25.1359,24.4565,0.9181,26.4946,256,1032,157.3801,24.4565,1.0421,0.9596,0.9617,si,1,25.47555,2.6791820606626966
Esferas_BT474_dia_1_well_2_100X_2_blob_61,1207.3192,811.3922,778.9824,811.3922,778.9824,131.0424,791.4402,759.5109,40.0815,38.7228,0.8835,40.6985,1179,1121,123.4248,38.7228,1.0373,0.964,0.9682,si,1,39.71065,10.14734689567994
Esferas_BT474_dia_1_well_2_100X_2_blob_62,807.6486,383.3738,801.6856,383.3738,801.6856,110.2358,367.5272,785.3261,31.25,31.9293,0.8352,36.5651,551,1159,125.1664,31.25,1.0688,0.9356,0.9563,si,1,33.90755,6.317143644714848
Esferas_BT474_dia_1_well_2_100X_2_blob_63,683.5014,931.9719,802.1903,931.9719,802.1903,102.4133,917.1196,787.3641,31.9293,30.5707,0.8189,34.3524,1351,1168,155.4623,27.8615,1.1445,0.8737,0.9469,si,1,31.10695,4.8775733963584464
Esferas_BT474_dia_1_well_2_100X_2_blob_66,943.795,365.776,839.5764,365.776,839.5764,119.1156,349.1848,821.3315,33.288000000000004,36.6848,0.8359,37.8794,527,1261,57.45,33.288000000000004,1.0992,0.9098,0.9503,si,1,35.5837,7.3010417554348175
Esferas_BT474_dia_1_well_2_100X_2_blob_68,841.3391,848.9789,854.7543,848.9789,854.7543,111.1965,832.2011,836.9565,32.6087,35.3261,0.8551,37.4135,1237,1234,119.3578,29.1661,1.2831,0.7794,0.9517,si,1,33.2898,5.978126185551382
Esferas_BT474_dia_1_well_2_100X_2_blob_69,461.052,411.61300000000006,890.0514,411.61300000000006,890.0514,82.9653,397.4185,878.3967,26.4946,23.7772,0.8417,27.9277,585,1303,161.5651,23.7772,1.089,0.9182,0.9246,si,1,25.85245,2.799862091027612
Esferas_BT474_dia_1_well_2_100X_2_blob_70,1557.608,160.9417,909.7636,160.9417,909.7636,155.4307,137.9076,887.2283,47.5543,43.4783,0.8102,52.2568,204,1360,26.2319,41.6642,1.2293,0.8135,0.9524,si,1,46.9605,16.781456703378172
Esferas_BT474_dia_1_well_2_100X_2_blob_71,559.8158,109.2818,901.4792,109.2818,901.4792,87.6724,96.4674,887.9076,25.8152,27.1739,0.9152,28.0843,144,1339,32.1523,25.8152,1.0454,0.9565,0.9635,si,1,26.94975,3.1717265839094084
Esferas_BT474_dia_1_well_2_100X_2_blob_72,840.8775,1620.1115,904.8633,1620.1115,904.8633,109.275,1603.9402,887.9076,32.6087,33.9674,0.8849,34.6201,2378,1308,105.9454,32.4589,1.0435,0.9583,0.9567,si,1,33.539500000000004,6.113659846979758
Esferas_BT474_dia_1_well_2_100X_2_blob_74,797.9568,724.1461,958.0574,724.1461,958.0574,111.3613,707.8804,941.5761,32.6087,31.9293,0.8086,34.5133,1047,1427,36.1932,31.2241,1.1023,0.9072,0.9466,si,1,32.868700000000004,5.754122486780269
Esferas_BT474_dia_1_well_2_100X_2_blob_75,1262.7009,300.9489,1020.1287,300.9489,1020.1287,140.5533,281.9293,997.962,36.0054,46.1957,0.8032,47.6997,425,1473,116.2001,35.4276,1.4251,0.7017,0.9548,si,1,41.56365,11.63516528274342
Esferas_BT474_dia_1_well_2_100X_2_blob_77,731.9604,50.4653,1030.3539,50.4653,1030.3539,105.9265,35.3261,1014.9457,31.9293,31.25,0.8198,34.0759,53,1533,23.4986,30.4713,1.0454,0.9565,0.9357,si,1,32.2736,5.447205453703173
Esferas_BT474_dia_1_well_2_100X_2_blob_78,1881.1289,101.0898,1057.6544,101.0898,1057.6544,171.3653,78.8043,1027.1739,46.1957,58.4239,0.805,59.4264,137,1512,100.5392,44.6425,1.3508,0.7403,0.9482,si,1,52.03445,22.829921871741792
Esferas_BT474_dia_1_well_2_100X_2_blob_79,855.6460000000003,1287.1446,1047.0304,1287.1446,1047.0304,113.8456,1271.7391,1029.8913,-33.288000000000004,33.9674,0.8296,35.4304,1882,1518,122.4712,33.0684,1.0796,0.9263,0.9515,si,1,34.249399999999994,6.5101414207694255
Esferas_BT474_dia_1_well_2_100X_2_blob_80,1123.3238,1655.5815,1078.5068,1655.5815,1078.5068,127.5974,1635.8696,1059.7826,40.0815,36.6848,0.867,41.507,2409,1576,158.8952,35.838,1.1547,0.866,0.9621,si,1,38.6725,9.37212914166722
Esferas_BT474_dia_1_pozo_^~2_100X_2_blob_81,1392.3861,137.4628,1165.0792,137.4628,1165.0792,150.0924,115.4891,1142.663,43.4783,44.837,0.7767,50.5464,180,1746,53.7462,37.8719,1.3859,0.7215,0.9332,si,1,44.20915,14.001288826125602
Esferas_BT474_dia_1_well_2_100X_2_blob_82,888.4134,1383.2942,1216.7559,1383.2942,1216.7559,113.3511,1365.4891,1201.087,36.0054,31.25,0.8689,38.3395,2011,1778,150.2551,31.0428,1.1782,0.8487,0.9613,si,1,34.69115,6.765308576619487
Esferas_BT474_dia_1_well_2_100X_1_blob_2,562.1234,1182.8572,107.661,1182.8572,107.661,87.8373,1169.1576,94.4293,27.1739,26.4946,0.9156,27.9773,1723,168,29.0546,26.4946,1.0352,0.966,0.9598,si,1,27.23595,3.273852467640616
Esferas_BT474_dia_1_well_2_100X_1_blob_3,385.3637,261.3118,132.6164,261.3118,132.6164,71.9992,250.0,121.6033,-22.4185,21.7391,0.9342,23.1876,376,210,58.1726,21.7391,1.0257,0.9749,0.9625,si,1,22.46335,1.8367713282548632
Esferas_BT474_dia_1_well_2_100X_1_blob_4,478.128,708.7749,182.1098,708.7749,182.1098,82.4025,696.3315,169.1576,25.1359,25.8152,0.8849,27.9277,1030,284,48.9452,22.2332,1.2308,0.8125,0.9535,si,1,25.08045,2.5564511194452093
Esferas_BT474_dia_1_well_2_100X_1_blob_5,493.8194,1672.3817,206.0868,1672.3817,206.0868,82.6356,1658.9674,194.2935,26.4946,23.7772,0.9087,27.2841,2443,296,161.1139,23.7772,1.1086,0.9021,0.9571,si,1,25.53065,2.6966037590192182
Esferas_BT474_dia_1_well_2_100X_1_blob_6,702.4235,1068.2053,260.3924,1068.2053,260.3924,100.7932,1050.9511,246.6033,33.9674,27.1739,0.8689,35.2542,1548,393,25.0836,25.8484,1.395,0.7168,0.9593,si,1,30.5513,4.620836523502327
Esferas_BT474_dia_1_well_2_100X_1_blob_7,886.5674,1308.062,322.0648,1308.062,322.0648,124.1524,1289.4022,303.6685,37.3641,38.0435,0.7228,44.6978,1903,497,46.8476,26.3849,1.8377,0.5442,0.9017,si,1,35.54135,7.275004726923032
Esferas_BT474_dia_1_well_2_100X_1_blob_8,354.9039,418.1086,348.3972,418.1086,348.3972,69.2818,407.6087,337.6359,21.0598,21.7391,0.9291,22.5007,601,505,151.1134,21.0598,1.0158,0.9844,0.9571,si,1,21.78025,1.6742492038201116
Esferas_BT474_dia_1_well_2_100X_1_blob_9,632.2735,1128.7181,408.116,1128.7181,408.116,95.1935,1114.8098,393.3424,27.8533,29.8913,0.8768,33.0166,1647,581,126.6341,24.662,1.319,0.7582,0.959,si,1,28.8393,3.8867415605924176
Esferas_BT474_dia_1_well_2_100X_1_blob_11,431.9766,733.7689999999999,435.3008,733.7689999999999,435.3008,77.9967,721.4674,424.5924,25.1359,22.4185,0.8923,26.2408,1063,648,21.2505,22.4185,1.1197,0.8931,0.9488,si,1,24.32965,2.3336681761698275
Esferas_BT474_dia_1_well_2_100X_1_blob_12,515.9721,1431.2491,445.2894,1431.2491,445.2894,86.2455,1417.7989,431.3859,26.4946,26.4946,0.8717,27.2841,2087,651,161.1139,25.8646,1.0583,0.9449,0.9471,si,1,26.57435,3.0410213677903903
Esferas_BT474_dia_1_well_2_100X_1_blob_13,444.4375,506.7466,461.9082,506.7466,461.9082,79.9865,494.5652,450.4076,24.4565,23.0978,0.8729,26.4597,733,666,131.8779,23.0978,1.0842,0.9224,0.9441,si,1,24.77875,2.4652995804275144
Esferas_BT474_dia_1_well_2_100X_1_blob_15,639.1962,1140.8916,588.5043,1140.8916,588.5043,98.0758,1124.3207,575.4076,33.288000000000004,26.4946,0.8351,33.9742,1655,871,11.5346,23.3895,1.4619,0.684,0.9473,si,1,28.681850000000004,3.82342874125565
Esferas_BT474_dia_1_well_2_100X_1_blob_16,426.4384,337.5513,667.946,337.5513,667.946,77.036,326.087,656.25,23.0978,23.7772,0.903,24.7286,488,967,110.9245,23.0978,1.04,0.9615,0.9541,si,1,23.9132,2.215871686216464
Esferas_BT474_dia_1_well_2_100X_1_blob_17,485.0507,565.1253,714.2024,565.1253,714.2024,81.8397,552.3098,701.7663,25.1359,25.1359,0.9101,26.5294,817,1039,140.1944,24.4989,1.071,0.9337,0.9576,si,1,25.51415,2.691378837690813
Esferas_BT474_dia_1_well_2_100X_1_blob_18,537.2017,1389.0982,715.997,1389.0982,715.997,86.4786,1375.6793,702.4457,26.4946,26.4946,0.9027,27.1739,2033,1070,53.1301,26.4239,1.0075,0.9926,0.9588,si,1,26.7989,3.118763366562267
Esferas_BT474_dia_1_well_2_100X_1_blob_19,658.5797,1437.9477,733.5178,1437.9477,733.5178,95.9212,1423.2337,719.4293,29.8913,29.212,0.8995,30.7588,2104,1061,120.5297,28.8223,1.0401,0.9615,0.9622,si,1,29.79055,4.284173828874134
Esferas_BT474_dia_1_well_2_100X_1_blob_20,475.3589,1465.0499,791.3894,1465.0499,791.3894,81.8397,1452.4457,779.212,25.8152,24.4565,0.8919,26.4946,2139,1157,157.3801,24.2621,1.0763,0.9291,0.9519,si,1,25.37835,2.648632279299652
Esferas_BT474_dia_1_well_2_100X_1_blob_21,604.1211,1566.0823,820.7407,1566.0823,820.7407,91.5154,1551.6304,807.0652,28.5326,27.1739,,29.8295,2286,1198,149.9314,27.1739,1.0685,0.9359,0.9614,si,1,28.5017,3.751835716260872
Esferas_BT474_dia_1_well_2_100X_1_blob_22,590.7372,843.8477,870.926,843.8477,870.926,89.7588,830.163,857.337,27.8533,27.1739,0.9214,29.2435,1224,1294,30.7355,26.7663,1.0823,0.9239,0.9649,si,1,28.0049,3.55904597813036
Esferas_BT474_dia_1_well_2_100X_1_blob_23,562.5849,1121.822,903.592,1121.822,903.592,87.2745,1108.6957,890.625,26.4946,26.4946,0.9282,28.1253,1636,1344,37.1467,26.4946,1.022,0.9784,0.9686,si,1,27.30995,3.3006101807694463
Esferas_BT474_dia_1_well_2_100X_1_blob_25,657.6567,975.3506,967.1403,975.3506,967.1403,100.3269,959.2391,953.8043,-31.9293,27.1739,0.8211,32.8133,1414,1412,152.9044,27.1739,1.1594,0.8625,0.936,si,1,29.9936,4.372374027836301
Esferas_BT474_dia_1_well_2_100X_1_blob_26,778.1117,834.8967,991.8946,834.8967,991.8946,106.4893,818.6141,975.5435,32.6087,32.6087,0.8623,34.5133,1212,1441,126.1932,29.5928,1.1553,0.8656,0.9571,si,1,32.05305,5.336292207404262
Esferas_BT474_dia_1_well_2_100X_1_blob_27,1755.1357,92.4705,1024.7106,92.4705,1024.7106,189.6877,68.6141,991.8478,46.1957,62.5,0.613,67.9246,105,1547,59.3311,37.097,2.0172,0.4957,0.89,si,1,52.5108,23.462669563011183
Esferas_BT474_dia_1_well_2_100X_1_blob_29,493.3579,1221.3419,1149.7733,1221.3419,1149.7733,87.4393,1208.5598,1135.1902,-25.8152,27.1739,0.8109,28.6617,1791,1671,121.4296,24.9793,1.0705,0.9341,0.9271,si,1,26.8205,3.126310646481878
Esferas_BT474_dia_1_well_2_100X_3_blob_1,471.2053,910.8414,30.6575,910.8414,30.6575,80.87899999999998,898.0978,18.3424,25.1359,24.4565,0.9052,25.7167,1322,48,12.2005,24.4029,1.0516,0.9509,0.956,si,1,25.0598,2.55014175151692
Esferas_BT474_dia_1_well_2_100X_3_blob_3,512.28,95.02,42.5633,95.02,42.5633,84.324,82.2011,29.212,25.8152,26.4946,0.9053,28.6698,123,50,143.6732,23.5382,1.2107,0.8259,0.9602,si,1,26.104,2.8823897332164394
Esferas_BT474_dia_1_well_2_100X_3_blob_4,432.8996,1639.4937,42.3079,1639.4937,42.3079,77.8319,1627.0379999999998,31.25,24.4565,22.4185,0.898,25.5366,2396,71,28.6105,22.4185,1.0743,0.9308,0.9513,si,1,23.97755,2.2338084823776003
Esferas_BT474_dia_1_well_2_100X_3_blob_5,315.2137,1484.1965,51.992,1484.1965,51.992,66.7975,1473.5054,42.1196,21.0598,19.7011,0.8878,22.2117,2169,71,156.5713,19.7011,1.1219,0.8913,0.9466,si,1,20.9564,1.491356796983188
Esferas_BT474_dia_1_well_2_100X_3_blob_6,499.3576,1053.4983,54.7616,1053.4983,54.7616,83.5963,1040.0815,42.7989,26.4946,23.7772,0.8979,26.9437,1534,70,146.3099,23.7772,1.0915,0.9162,0.9605,si,1,25.36045,2.643031786855176
Esferas_BT474_dia_1_well_2_100X_3_blob_7,592.5833,899.3306,69.2776,899.3306,69.2776,91.0209,886.5489,55.0272,25.1359,28.5326,0.8988,30.5329,1316,123,69.1455,24.595,1.1932,0.8381,0.9636,si,1,27.56395,3.3935627196631115
Esferas_BT474_dia_1_well_2_100X_3_blob_8,525.2023,1648.0883,122.9566,1648.0883,122.9566,87.2745,1634.5109,110.0543,27.1739,25.8152,0.8665,28.3785,2411,196,47.9108,25.7844,1.0577,0.9455,0.9456,si,1,27.08145,3.218453664108869
Esferas_BT474_dia_1_pozo_^~2_100X_3_blob_9,372.9029,285.733,174.8656,285.733,174.8656,87.2062,275.1359,158.9674,20.3804,27.8533,0.6162,28.3785,417,275,78.9591,20.3804,1.3037,0.767,0.8726,si,1,24.37945,2.348027780973318
Esferas_BT474_dia_1_well_2_100X_3_blob_11,374.7489,1215.4436,184.6931,1215.4436,184.6931,71.9992,1204.4837,173.91299999999995,22.4185,21.0598,0.9084,23.7286,1773,278,23.6294,21.0598,1.086,0.9208,,si,1,22.3942,1.8198608297061327
Esferas_BT474_dia_1_well_2_100X_3_blob_12,1093.7869,1623.1084,207.8902,1623.1084,207.8902,131.2755,1605.9783,186.8207,33.9674,44.1576,0.7976,47.5592,2375,340,68.1986,31.8513,1.455,0.6873,0.9535,si,1,39.70525,10.143207838102876
Esferas_BT474_dia_1_well_2_100X_3_blob_13,331.8282,567.7179,197.4979,567.7179,197.4979,66.3995,557.0652,187.5,21.0598,19.7011,0.9458,21.9504,821,297,21.8014,19.7011,1.0569,0.9462,0.9619,si,1,20.82575,1.4636373104976204
Esferas_BT474_dia_1_well_2_100X_3_blob_14,915.1812,175.9951,211.1592,175.9951,211.1592,116.0002,158.9674,193.6141,33.288000000000004,37.3641,0.8547,38.4597,239,290,125.6553,31.6127,1.2205,0.8194,0.961,si,1,35.0362,6.969193297129976
Esferas_BT474_dia_1_well_2_100X_3_blob_15,395.0555,1224.1237,206.5955,1224.1237,206.5955,74.8814,1211.9565,195.6522,23.7772,21.7391,0.8854,24.124,1784,306,9.7276,21.7391,1.0943,0.9139,0.9495,si,1,22.93155,1.9540323622668168
Esferas_BT474_dia_1_well_2_100X_3_blob_16,974.7164,1712.5239,236.1393,1712.5239,236.1393,119.2804,1694.2935,218.75,-37.3641,34.6467,0.8609,38.9308,2497,332,150.7512,34.2391,1.1169,0.8953,0.9615,si,1,36.58495,7.934853582120155
Esferas_BT474_dia_1_pozo_^~2_100X_3_blob_17,371.5183,555.6335,232.7273,555.6335,232.7273,71.4364,544.837,222.1467,21.7391,21.7391,0.9149,22.9877,803,334,145.8403,21.7391,1.0322,0.9688,0.9561,si,1,22.3634,1.812362282158516
Esferas_BT474_dia_1_well_2_100X_3_blob_18,337.8279,964.1607,233.5481,964.1607,233.5481,68.321,953.125,223.5054,21.7391,20.3804,0.9095,22.3463,1404,338,160.4633,20.3804,1.0846,0.922,0.9513,si,1,21.36335,1.579936334626873
Esferas_BT474_dia_1_well_2_100X_3_blob_19,423.2079,1367.3053,246.0487,1367.3053,246.0487,77.2008,1355.2989,235.0543,24.4565,22.4185,0.8923,24.9423,1996,354,150.6422,22.4185,1.1005,0.9087,0.9512,si,1,23.6804,2.151783742787649
Esferas_BT474_dia_1_well_2_100X_3_blob_21,899.9513,1106.1915,311.7388,1106.1915,311.7388,116.7961,1086.2772,296.1957,40.0815,30.5707,0.8290000000000001,41.3901,1600,448,156.8014,28.1881,1.4951,0.6689,0.958,si,1,34.7891,6.822775805576018
Esferas_BT474_dia_1_well_2_100X_3_blob_22,509.5109,799.1826,317.4813,799.1826,317.4813,83.5963,786.0054,305.0272,-26.4946,24.4565,0.9162,26.9437,1160,456,146.3099,24.4565,1.0659,0.9382,0.9621,si,1,25.7001,2.7506539668043013
Esferas_BT474_dia_1_well_2_100X_3_blob_23,1370.2335,975.6685,337.4049,975.6685,337.4049,157.5853,949.7283,316.5761,50.2717,42.1196,0.6934,52.5914,1400,474,151.4486,37.8801,1.5638,0.6395,0.8994,si,1,45.23575,14.999504255929148
Esferas_BT474_dia_1_well_2_100X_3_blob_25,155.53,1639.9063,346.3333,1639.9063,346.3333,45.5246,1632.4728,339.6739,14.9457,13.587,0.943,15.3268,2403,512,12.8043,13.587,1.0853,0.9214,0.9453,si,1,14.4569,0.4896176338408228
Esferas_BT474_dia_1_well_2_100X_3_blob_26,467.9747,1296.5594,357.8977,1296.5594,357.8977,81.8397,1283.9674,345.788,25.1359,25.1359,0.878,26.9693,1895,541,40.9144,23.8497,1.1056,0.9045,0.9459,si,1,25.4095,2.658397241021232
Esferas_BT474_dia_1_well_2_100X_3_blob_27,414.4391,1559.7221,376.3247,1559.7221,376.3247,76.8029,1547.5543,365.4891,24.4565,21.7391,0.8829,24.7939,2278,550,170.5377,21.7391,1.1041,0.9057,0.9513,si,1,23.2665,2.0409139330688464
Esferas_BT474_dia_1_well_2_100X_3_blob_28,466.5901,1281.0057,382.0767,1281.0057,382.0767,80.87899999999998,1268.3424,370.2446,25.1359,23.7772,0.8963,26.2144,1870,573,31.2184,23.7772,1.071,0.9337,0.9565,si,1,24.99580000000001,2.5306532549521754
Esferas_BT474_dia_1_well_2_100X_3_blob_29,961.3326,394.7551,403.5898,394.7551,403.5898,120.2411,378.3967,383.8315,31.25,41.4402,0.8356,41.9934,576,565,99.3099,31.25,1.402,0.7133,0.9514,si,1,36.6217,7.958789563061693
Esferas_BT474_dia_1_well_2_100X_3_blob_30,415.3621,1372.7785,424.4731,1372.7785,424.4731,75.5125,1360.7337,413.7228,23.7772,21.7391,0.9154,24.7286,2003,621,164.0546,21.7391,1.0599,0.9435,0.9585,si,1,23.23385,2.032333909442193
Esferas_BT474_dia_1_well_2_100X_3_blob_31,1097.0175,1142.2153,504.0882,1142.2153,504.0882,138.6318,1124.3207,484.375,35.3261,44.837,0.7173,45.2519,1677,713,97.7652,35.3261,1.3749,0.7273,0.9079,si,1,40.289,10.597196417367568
Esferas_BT474_dia_1_well_2_100X_3_blob_33,433.3611,742.5456,549.0269999999998,742.5456,549.0269999999998,77.5988,730.2989,537.3641,24.4565,23.0978,0.9044,25.0531,1082,823,49.3987,23.0978,1.0565,0.9465,0.9533,si,1,24.07545,2.261282178387823
Esferas_BT474_dia_1_well_2_100X_3_blob_34,430.5921,943.04,553.6994,943.04,553.6994,77.036,930.7065,542.7989,24.4565,22.4185,0.9118,25.2458,1372,805,156.1941,22.4185,1.0886,0.9186,,si,1,23.83215,2.193416928046473
Esferas_BT474_dia_1_well_2_100X_3_blob_35,473.5128,1576.71,585.7236,1576.71,585.7236,82.4025,1562.5,574.0489,27.1739,23.7772,0.8763,27.5869,2300,861,170.0738,23.7772,1.1066,0.9037,0.9465,si,1,25.68205,2.7448624202374363
Esferas_BT474_dia_1_well_2_100X_3_blob_36,510.4339,198.606,595.5792,198.606,595.5792,84.7219,186.1413,582.2011,25.1359,26.4946,0.8936,27.3432,283,859,116.5651,25.1359,1.0725,0.9324,0.9567,si,1,26.23955,2.927525375127324
Esferas_BT474_dia_1_well_2_100X_3_blob_37,757.3436,1658.2253,599.6097,1658.2253,599.6097,104.9658,1641.9837,582.8804,31.9293,33.288000000000004,0.8638,36.7414,2427,906,56.3099,26.1505,1.3969999999999998,0.7158,0.9516,si,1,31.44595,5.038783267420514
Esferas_BT474_dia_1_well_2_100X_3_blob_38,313.3676,791.1486,623.6848,791.1486,623.6848,66.3995,780.5707,614.1304,21.0598,19.7011,0.8932,21.332,1152,908,142.7652,19.7011,1.0733,0.9317,0.945,si,1,20.51655,1.3994085362158728
Esferas_BT474_dia_1_well_2_100X_3_blob_39,816.4173,1221.221,630.4035,1221.221,630.4035,108.246,1203.8043,614.1304,34.6467,32.6087,0.8756,37.7756,1776,910,142.3058,27.8857,1.3611,0.7347,0.9601,si,1,32.83065,5.734162068465443
Esferas_BT474_dia_1_well_2_100X_3_blob_40,926.2575,274.7475,654.9328,274.7475,654.9328,118.1548,254.0761,639.9457,40.7609,29.8913,0.8338,42.5556,374,971,16.6992,28.6957,1.5099,0.6623,0.9614,si,1,35.62565,7.326894034882757
Esferas_BT474_dia_1_well_2_100X_3_blob_41,842.2621,423.3552,682.7585,423.3552,682.7585,112.8166,406.25,664.4022,33.9674,36.6848,0.8316,40.1333,606,981,123.9591,26.798,1.4995,0.6669,0.9473,si,1,33.46565,6.073364042902496
Esferas_BT474_dia_1_well_2_100X_3_blob_42,1608.3744,1707.6437,708.4172,1707.6437,708.4172,182.1666,1683.4239,679.3478,46.875,59.1033,0.6091,65.4893,2481,1007,126.9888,32.7877,2.2587,0.4427,0.8795,si,1,49.1385,19.226365986377644
Esferas_BT474_dia_1_well_2_100X_3_blob_43,359.9805,643.7962,692.0081,643.7962,692.0081,75.4442,633.1522,681.3859,21.7391,22.4185,0.7948,25.6808,940,1036,52.5238,20.6593,1.1637,0.8593,0.9236,si,1,23.170050000000003,2.015637514848277
Esferas_BT474_dia_1_well_2_100X_3_blob_44,381.2101,564.969,700.0194,564.969,700.0194,73.3579,553.6685,688.8587,22.4185,22.4185,0.8902,23.5823,820,1017,131.4965,22.3435,1.0301,0.9708,0.9418,si,1,22.9629,1.962057467485521
Esferas_BT474_dia_1_well_2_100X_3_blob_46,2758.466,1422.8415,792.7762,1422.8415,792.7762,202.2457,1389.2663,764.9457,65.2174,55.7065,0.8475,66.908,2045,1153,156.0375,54.0757,1.224,0.8170000000000001,0.9712,si,1,60.49185,35.8692354318187
Esferas_BT474_dia_1_well_2_100X_3_blob_47,527.0484,1059.111,804.2729,1059.111,804.2729,84.3923,1046.875,791.4402,24.4565,26.4946,0.9299,27.7537,1551,1165,111.541,24.4565,1.0787,0.927,0.9686,si,1,26.1051,2.882754132808377
Esferas_BT474_dia_1_well_2_100X_3_blob_48,533.5096,71.8734,813.9621,71.8734,813.9621,112.4186,56.3859,800.2717,28.5326,27.1739,0.5305,29.2435,97,1179,120.7355,26.9363,1.0481,0.9541,0.8858,si,1,28.0899,3.591551507955052
Esferas_BT474_dia_1_well_2_100X_3_blob_49,383.9792,456.9806,817.569,456.9806,817.569,72.5619,445.6522,806.3859,22.4185,22.4185,0.9164,23.4252,658,1195,150.4612,21.8746,1.0598,0.9436,0.9558,si,1,22.6499,1.8829135755502804
Esferas_BT474_dia_1_well_2_100X_3_blob_50,791.4956,1682.6723,864.1033,1682.6723,864.1033,106.7225,1665.7609,849.1848,33.9674,29.8913,0.8733,36.4893,2452,1281,24.1791,29.6269,1.2019,0.8320000000000001,0.9624,si,1,33.0581,5.854168075707659
Esferas_BT474_dia_1_well_2_100X_3_blob_51,599.506,915.3971,916.4065,915.3971,916.4065,90.5547,901.4946,902.8533,27.8533,27.1739,0.9187,28.9022,1329,1339,150.4222,27.1739,1.0087,0.9914,0.9626,si,1,28.03805,3.571699701679884
Esferas_BT474_dia_1_well_2_100X_3_blob_53,685.3475,1288.4998,935.5985,1288.4998,935.5985,99.2013,1272.4185,921.1957,31.9293,29.212,0.8752,34.0488,1874,1366,151.3895,25.8242,1.2921,0.7739,0.9593,si,1,29.9365,4.347449954086777
Esferas_BT474_dia_1_well_2_100X_3_blob_54,471.6668,318.4612,937.2501,318.4612,937.2501,81.4417,306.3859,924.5924,24.4565,25.1359,0.8936,26.9437,457,1363,123.6901,23.9778,1.1021,0.9073,0.9538,si,1,25.46075,2.6745153669242416
Esferas_BT474_dia_1_well_2_100X_3_blob_55,547.355,669.3713,948.2917,669.3713,948.2917,87.2745,655.5707,935.462,27.1739,25.8152,0.903,28.1827,965,1390,164.6237,25.8152,1.0591,0.9442,0.9568,si,1,26.99895,3.189129417778908
Esferas_BT474_dia_1_well_2_100X_3_blob_56,1228.0873,1574.5183,960.5714,1574.5183,960.5714,157.9149,1554.3478,937.5,45.5163,46.875,0.6189,56.81399999999999,2296,1383,131.1215,32.6304,1.9064,0.5246,0.8791,si,1,44.7222,14.494425229494809
Esferas_BT474_dia_1_well_2_100X_3_blob_57,759.6512,720.4372,960.2148,720.4372,960.2148,103.8402,704.4837,944.2935,31.25,32.6087,0.8853,34.3524,1049,1391,114.5377,29.7554,1.1543,0.8663,0.9603,si,1,32.0539,5.336716750653166
Esferas_BT474_dia_1_well_2_100X_3_blob_58,1808.6713,1593.1562,1021.0626,1593.1562,1021.0626,198.0047,1569.2935,989.1304,44.1576,60.462,0.5797,61.7347,2325,1543,65.9735,41.1876,1.6883,0.5923,0.901,si,1,51.46115,22.08360554878923
Esferas_BT474_dia_1_well_2_100X_3_blob_59,505.3572,453.6049,1021.32,453.6049,1021.32,84.1591,440.8967,1008.1522,25.1359,25.8152,0.8966,27.0548,652,1491,141.1155,25.1359,1.0371,0.9642,0.9542,si,1,26.09535,2.8795252974696868
Esferas_BT474_dia_1_well_2_100X_3_blob_60,588.4297,1108.5291,1031.4165,1108.5291,1031.4165,91.1175,1094.4293,1017.663,27.8533,27.8533,0.8906,29.0218,1613,1508,147.4259,27.3205,1.0504,0.952,0.9543,si,1,28.17115,3.6228074160426327
Esferas_BT474_dia_1_well_2_100X_3_blob_61,833.0318,990.1732,1059.9078,990.1732,1059.9078,109.6047,974.1848,1042.7989,32.6087,34.6467,0.8714,35.8963,1443,1582,60.5241,30.3814,1.1744,0.8515,0.9583,si,1,33.13885,5.897172336762867
Esferas_BT474_dia_1_well_2_100X_3_blob_62,894.4131,1609.2825,1069.9781,1609.2825,1069.9781,113.8456,1591.0326,1052.3098,36.0054,34.6467,0.8672,39.4373,2347,1556,137.7927,29.783,1.3059,0.7657,0.9606,si,1,34.610150000000004,6.718030395197562
Esferas_BT474_dia_1_well_2_100X_3_blob_63,1806.3637,1524.0535,1111.8754,1524.0535,1111.8754,209.5337,1504.7554,1073.3696,42.1196,75.4076,0.517,76.9854,2223,1582,105.8759,32.5999,2.7087,0.3692,0.8472,si,1,54.79265,26.65621211099431
Esferas_BT474_dia_1_well_2_100X_3_blob_64,474.8974,1484.4928,1086.162,1484.4928,1086.162,81.1121,1472.1467,1074.0489,24.4565,24.4565,0.9071,26.2408,2167,1593,158.7495,24.3813,1.0441,0.9577,0.9577,si,1,25.31105,2.627616649774612
Esferas_BT474_dia_1_well_2_100X_3_blob_65,1037.9438,984.6651,1117.6379,984.6651,1117.6379,124.9766,966.0326,1098.5054,37.3641,38.7228,0.8351,39.5716,1433,1670,55.4915,35.5475,1.0772,0.9284,0.9542,si,1,37.55955,8.58603512707791
Esferas_BT474_dia_1_well_2_100X_3_blob_66,731.4988,734.6024,1141.3963,734.6024,1141.3963,102.3167,719.4293,1125.6793,30.5707,30.5707,0.8781,32.4099,1071,1658,123.0239,30.5707,1.021,0.9795,0.9548,si,1,31.4903,5.060132791778903
Esferas_BT474_dia_1_well_2_100X_3_blob_67,603.6596,991.9704,1166.4366,991.9704,1166.4366,92.0099,977.5815,1151.4946,28.5326,29.212,0.8961,31.4707,1449,1737,57.3391,24.4989,1.2498,0.8001,0.9575,si,1,27.9848,3.5513881583692544
Esferas_BT474_dia_1_well_2_100X_3_blob_68,592.1218,83.2519,1171.6508,83.2519,1171.6508,96.484,69.9728,1156.25,27.1739,29.8913,0.7993,30.5178,116,1702,106.8214,27.1739,1.0625,0.9412,0.9314,si,1,28.84585,3.8893904396982566
Esferas_BT474_dia_1_well_2_100X_3_blob_69,537.2017,1474.6534,1176.1384,1474.6534,1176.1384,87.4393,1461.2772,1163.0435,26.4946,25.8152,0.8829,28.6698,2153,1720,143.6732,25.5203,1.1026,0.907,0.9537,si,1,27.09505,3.223304913373683
Esferas_BT474_dia_1_well_2_100X_3_blob_70,559.3543,435.8257,1184.7787,435.8257,1184.7787,88.4001,421.875,1171.875,27.8533,25.8152,0.8995,28.573,621,1739,161.9958,25.8152,1.0604,0.943,0.9581,si,1,27.1941,3.258784114223919
Esferas_BT474_dia_1_well_2_100X_3_blob_73,936.8723,725.5368,1224.8062,725.5368,1224.8062,114.0787,707.8804,1207.8804,35.3261,34.6467,0.9047,35.9541,1059,1778,112.2035,34.5867,1.0115,0.9887,0.966,si,1,35.27039999999999,7.109886615389247
Esferas_BT474_dia_1_well_1_100X_2_blob_2,443.976,285.5895,97.6043,285.5895,97.6043,77.8319,273.7772,86.2772,23.7772,23.0978,0.921,25.0531,407,131,130.6013,23.0978,1.0279,0.9728,0.9639,si,1,24.07545,2.261282178387823
Esferas_BT474_dia_1_well_1_100X_2_blob_6,457.8214,1422.8255,329.735,1422.8255,329.735,80.3162,1409.6467,318.6141,26.4946,22.4185,0.8919,27.7537,2076,494,21.541,21.383000000000006,1.3049,0.7663,0.9612,si,1,24.56835,2.403031651475876
Esferas_BT474_dia_1_well_1_100X_2_blob_9,380.7486,13.9859,429.7048,13.9859,429.7048,71.9992,2.7174,418.4783,22.4185,21.7391,0.923,23.2373,10,619,127.875,21.7391,1.0444,0.9575,0.9599,si,1,22.4882,1.8428738391510315
Esferas_BT474_dia_1_well_1_100X_2_blob_10,763.3433,368.3564,528.947,368.3564,528.947,110.1392,355.9783,509.5109,24.4565,39.4022,0.7908,40.0412,532,751,104.7436,24.0688,1.7239,0.5801,0.9481,si,1,32.055,5.3372661929877925
Esferas_BT474_dia_1_well_1_100X_2_blob_11,476.7434,1607.6674,583.714,1607.6674,583.714,81.2769,1595.1087,571.3315,25.1359,24.4565,0.9069,26.5728,2356,876,57.5288,24.2206,1.0649,0.939,0.956,si,1,25.39670000000001,2.6543817728381893
Esferas_BT474_dia_1_well_1_100X_2_blob_12,675.1942,1404.1124,592.1709999999998,1404.1124,592.1709999999998,102.9478,1390.625,574.7283,27.1739,34.6467,0.8006,37.8794,2049,894,57.45,23.2841,1.6873,0.5927,0.9396,si,1,30.58175,4.6346668439795335
Esferas_BT474_dia_1_well_1_100X_2_blob_14,929.0266,273.7925,610.3002,273.7925,610.3002,133.3619,257.4728,588.9946,30.5707,45.5163,0.6564,47.4815,389,868,109.2127,27.4902,1.9709,0.5074,0.8907,si,1,37.48585,8.535591237737687
Esferas_BT474_dia_1_well_1_100X_2_blob_16,389.9789,183.2378,663.5407,183.2378,663.5407,72.7951,171.875,652.8533,22.4185,21.7391,0.9248,23.3759,255,968,144.4623,21.7391,1.0355,0.9657,0.9619,si,1,22.5575,1.8599634841309551
Esferas_BT474_dia_1_well_1_100X_2_blob_17,1197.6275,92.1213,694.2721,92.1213,694.2721,154.9644,69.2935,671.1957,47.5543,46.875,0.6267,58.1745,105,1052,42.6338,27.2059,2.3725,0.4215,0.8962,si,1,42.6902,12.607125850339887
Esferas_BT474_dia_1_well_1_100X_2_blob_21,363.2111,83.3755,1008.4737,83.3755,1008.4737,70.8053,72.0109,997.962,22.4185,21.0598,0.9104,23.4252,106,1479,163.1416,21.0598,1.0652,0.9388,0.9563,si,1,22.2425,1.783127170260428
Esferas_BT474_dia_1_well_1_100X_2_blob_22,318.4443,849.5274,1020.9347,849.5274,1020.9347,71.0384,839.6739,1008.8315,19.7011,22.4185,0.7929999999999999,23.4252,1243,1485,106.8584,19.7011,1.0669,0.9373,0.9218,si,1,21.56315,1.6246811131768448
Esferas_BT474_dia_1_well_1_100X_2_blob_23,472.1283,361.5913,1045.8201,361.5913,1045.8201,93.8348,347.8261,1031.25,29.212,27.1739,0.6738,35.0704,518,1518,134.2152,19.1856,1.8544,0.5393,0.8792,si,1,27.128,3.2350786994568006
Esferas_BT474_dia_1_well_1_100X_2_blob_24,510.8954,1063.6166,1048.3537,1063.6166,1048.3537,100.3269,1050.2717,1033.9674,27.8533,27.8533,0.6378,33.7288,1546,1525,145.6698,23.3889,1.2738,0.7851,0.8824,si,1,28.55885,3.7744499080006166
Esferas_BT474_dia_1_well_1_100X_2_blob_25,999.1767,469.8346,1063.7572,469.8346,1063.7572,121.3667,450.4076,1045.5163,38.7228,36.6848,0.8524,44.4545,667,1545,141.2034,28.3727,1.5599,0.6411,0.9672,si,1,36.4136,7.823883436246527
Esferas_BT474_dia_1_well_1_100X_2_blob_26,530.279,124.7449,1201.4982,124.7449,1201.4982,85.5178,112.0924,1188.1793,25.1359,27.1739,0.9112,28.0102,174,1787,67.1663,25.0754,1.1046,0.9053,0.9607,si,1,26.5428,3.030203000354975
Esferas_BT474_dia_1_well_1_100X_2_blob_27,365.9802,503.2472,1214.6324,503.2472,1214.6324,70.6405,492.5272,1203.8043,21.7391,21.7391,0.9216,22.9877,731,1774,124.1597,21.4626,1.0658,0.9383,0.9566,si,1,22.22515,1.77895770229103
Esferas_BT474_dia_1_well_1_100X_2_blob_28,329.0591,1635.6795,1286.7453,1635.6795,1286.7453,66.7975,1625.6793,1276.4946,20.3804,20.3804,0.9268,21.8767,2395,1884,143.8418,20.3104,1.0554,0.9475,0.9603,si,1,21.09355,1.520829577007081
Esferas_BT474_dia_1_well_1_100X_1_blob_2,987.1773,1174.0622,67.2775,1174.0622,67.2775,122.0661,1153.5326,51.6304,39.4022,33.288000000000004,0.8326,39.8737,1698,100,8.8204,33.288000000000004,1.21,0.8264,0.9528,si,1,36.58085,7.932186152978296
Esferas_BT474_dia_1_well_1_100X_1_blob_3,541.8168,1486.5929999999994,65.3985,1486.5929999999994,65.3985,87.2062,1473.5054,51.6304,26.4946,27.1739,0.8953,29.2435,2177,78,120.7355,23.9778,1.2075,0.8281,0.9599,si,1,26.61065,3.0535003108446634
Esferas_BT474_dia_1_well_1_100X_1_blob_5,1016.7142,249.2166,89.0169,249.2166,89.0169,124.0841,230.2989,69.2935,38.0435,38.0435,0.8298,42.3708,341,152,41.0995,32.9715,1.3675,0.7313,0.9547,si,1,37.67115,8.662797342804494
Esferas_BT474_dia_1_well_1_100X_1_blob_6,515.5105,764.1602,86.5956,764.1602,86.5956,94.5625,752.038,69.9728,24.4565,32.6087,0.7245,34.7199,1111,149,59.4208,19.2591,1.9824,0.5044,0.899,si,1,26.9895,3.185781873621864
Esferas_BT474_dia_1_well_1_100X_1_blob_7,887.0289,1112.6038,100.2179,1112.6038,100.2179,133.7598,1093.75,78.8043,38.7228,42.1196,0.623,47.6755,1623,117,122.7843,27.0994,2.0934,0.4777,0.8538,si,1,37.38745,8.468549991105016
Esferas_BT474_dia_1_pozo_^~1_100X_1_blob_8,615.659,664.5106,113.0865,664.5106,113.0865,93.6017,649.4565,99.1848,30.5707,27.1739,0.883,33.3504,958,153,146.6336,24.3051,1.3886,0.7202,0.9625,si,1,28.82775,3.8820735670783137
Esferas_BT474_dia_1_pozo_^~1_100X_1_blob_9,299.9838,919.5819,120.6877,919.5819,120.6877,64.0801,909.6467,110.7337,19.7011,19.7011,0.918,20.5383,1345,190,55.7843,19.7011,1.0076,0.9925,0.9524,si,1,20.1197,1.3197632235843015
Esferas_BT474_dia_1_well_1_100X_1_blob_10,1200.3965,426.2197,132.2724,426.2197,132.2724,173.5882,404.8913,116.1685,47.5543,36.6848,0.5006,51.0551,597,214,25.2011,36.4576,1.59,0.6289,0.861,si,1,43.75635,13.575467127192422
Esferas_BT474_dia_1_well_1_100X_1_blob_12,414.9006,1076.6624,162.8867,1076.6624,162.8867,75.2793,1064.538,151.4946,23.7772,22.4185,0.92,24.3904,1567,243,12.875,22.4185,1.0534,0.9493,0.9605,si,1,23.40445,2.077432105518798
Esferas_BT474_dia_1_well_1_100X_1_blob_13,484.5891,939.1887,174.3452,939.1887,174.3452,80.87899999999998,926.6304,162.3641,25.1359,24.4565,0.9309,26.2408,1364,263,21.2505,24.4565,1.0557,0.9473,0.9646,si,1,25.34865,2.6393441631027
Esferas_BT474_dia_1_well_1_100X_1_blob_15,338.7509,970.3401,174.4313,970.3401,174.4313,69.5149,959.9185,163.7228,21.0598,21.0598,0.8809,22.6234,1415,247,138.6522,20.856,1.0274,0.9734,0.9434,si,1,21.7397,1.6649153597156767
Esferas_BT474_dia_1_well_1_100X_1_blob_16,737.4985,1357.1627,192.3813,1357.1627,192.3813,113.1863,1345.1087,173.2337,23.7772,38.0435,0.7234,38.9131,1990,310,73.7798,23.7772,1.644,0.6083,0.9414,si,1,31.34515,4.9904829626656815
Esferas_BT474_dia_1_well_1_100X_1_blob_18,1038.4053,965.6615,209.6295,965.6615,209.6295,119.5135,947.6902,190.8967,36.0054,36.6848,0.9136,39.0137,1406,285,125.0738,34.8022,1.1047,0.9052,0.9751,si,1,36.90795,8.14687946067676
Esferas_BT474_dia_1_well_1_100X_1_blob_20,372.9029,1162.539,215.7526,1162.539,215.7526,71.4364,1151.4946,205.163,22.4185,21.0598,0.9183,22.9877,1697,327,34.1597,21.0598,1.0301,0.9707,0.9585,si,1,22.02375,1.7310329136494105
Esferas_BT474_dia_1_well_1_100X_1_blob_21,583.8145,403.1666,236.1512,403.1666,236.1512,98.6386,387.9076,221.4674,30.5707,29.212,0.754,34.7066,573,363,40.2364,21.657,1.6907,0.5915,0.9193,si,1,28.1818,3.626917736736941
Esferas_BT474_dia_1_well_1_100X_1_blob_23,2219.4183,1491.8681,274.0139,1491.8681,274.0139,178.7899,1463.3152,247.962,55.0272,52.9891,0.8725,60.0944,2162,376,137.2906,48.5175,1.2166,0.8220000000000001,0.9737,si,1,54.30595,25.952175302315005
Esferas_BT474_dia_1_well_1_100X_1_blob_24,396.9016,333.6972,288.9093,333.6972,288.9093,73.3579,322.6902,277.8533,22.4185,22.4185,0.9268,23.2373,480,412,127.875,22.4185,1.0075,0.9926,0.963,si,1,22.8279,1.92765542149418
Esferas_BT474_dia_1_well_1_100X_1_blob_25,514.5875,1652.9346,297.8642,1652.9346,297.8642,83.9943,1639.9457,285.3261,25.8152,25.1359,0.9166,26.8751,2415,446,20.7256,25.1359,1.0484,0.9539,0.9637,si,1,26.0055,2.8498837472811087
Esferas_BT474_dia_1_well_1_100X_1_blob_26,1192.0893,541.2823,316.5807,541.2823,316.5807,134.8854,521.7391,294.1576,38.7228,44.837,0.8234,49.4573,774,437,127.1847,31.8425,1.6305,0.6133,0.9584,si,1,40.6499,10.884537113214032
Esferas_BT474_dia_1_well_1_100X_1_blob_27,480.897,1491.7363,321.696,1491.7363,321.696,82.0728,1480.2989,308.4239,22.4185,27.1739,0.8971,28.3867,2186,455,111.0375,21.9125,1.3041,0.7668,0.963,si,1,25.1496,2.577654859089673
Esferas_BT474_dia_1_well_1_100X_1_blob_30,502.1267,344.2814,339.5297,344.2814,339.5297,83.9943,332.2011,326.087,24.4565,25.8152,0.8944,27.8864,491,513,34.0772,23.7165,1.1334,0.8823,0.9637,si,1,25.80145,2.7833246108998724
Esferas_BT474_dia_1_well_1_100X_1_blob_31,697.3469,1282.1103,348.9854,1282.1103,348.9854,97.9109,1267.663,333.5598,28.5326,30.5707,0.9141,31.6681,1881,491,112.7144,28.5326,1.0837,0.9228,0.9677,si,1,30.10035,4.4192254336075
Esferas_BT474_dia_1_well_1_100X_1_blob_32,1599.1442,694.4143,358.1384,694.4143,358.1384,151.8208,669.1576,336.2772,48.913,40.7609,0.8718,50.7651,985,541,15.5241,40.7609,1.2269,0.8151,0.9728,si,1,45.76300000000001,15.530126051528711
Esferas_BT474_dia_1_well_1_100X_1_blob_36,406.5934,1692.3129,366.1619,1692.3129,366.1619,74.1538,1680.7065,355.2989,23.0978,21.7391,0.9292,24.4942,2476,549,33.6901,21.7391,1.0919,0.9158,0.966,si,1,23.11665,2.0017332935650782
Esferas_BT474_dia_1_well_1_100X_1_blob_38,462.4365,600.9801,377.6069,600.9801,377.6069,78.9575,588.9946,365.4891,23.7772,24.4565,0.9321,25.3643,867,562,20.3764,23.7772,1.0166,0.9837,0.9658,si,1,24.57075,2.403735952664331
Esferas_BT474_dia_1_well_1_100X_1_blob_39,456.8983,562.0087,379.1241,562.0087,379.1241,79.3554,549.5924,366.8478,24.4565,23.7772,0.9118,25.145,817,543,128.4181,23.7772,1.0281,0.9727,0.9621,si,1,24.4611,2.3716984465027258
Esferas_BT474_dia_1_well_1_100X_1_blob_40,564.431,404.4811,384.5589,404.4811,384.5589,88.2352,391.9837,370.2446,25.1359,28.5326,0.911,28.9262,592,587,80.5377,25.1359,1.1216,0.8916,0.9638,si,1,27.03105,3.2005179512317743
"Esferoides/""_474BT__dia_1_well_1_100X_1_blob_42",3023.3747,681.4116,428.0797,681.4116,428.0797,243.6942,650.1359,384.5109,62.5,84.2391,0.6398,85.5115,968,686,72.4287,51.6366,1.8408,0.5433,0.9051,si,1,68.57405,52.25296264268675
Esferas_BT474_dia_1_well_1_100X_1_blob_43,422.2848,381.3885,402.7475,381.3885,402.7475,75.8421,369.5652,391.3043,23.7772,23.0978,0.9226,24.124,544,590,170.2724,23.0978,1.0113,0.9888,0.9596,si,1,23.6109,2.132893375341836
Esferas_BT474_dia_1_well_1_100X_1_blob_44,1227.6258,568.9883,424.8853,568.9883,424.8853,135.1185,549.5924,402.8533,38.0435,44.837,0.845,46.8947,815,601,128.5302,34.1624,1.4127,0.7079,0.9629,si,1,40.52855,10.787348721164038
Esferas_BT474_dia_1_well_1_100X_1_blob_47,491.0503,1281.2194,431.7089,1281.2194,431.7089,82.4708,1269.7011,418.4783,23.0978,26.4946,0.9073,27.3854,1876,618,119.7449,23.0978,1.164,0.8591,0.9629,si,1,25.2416,2.606046500056148
"Esferoides/""_474BT__dia_1_well_1_100X_1_blob_48",419.5157,1643.7934,439.2701,1643.7934,439.2701,82.1694,1631.7935,427.9891,26.4946,22.4185,0.7808,27.5115,2403,639,159.7751,22.4185,1.1641,0.8590000000000001,0.9252,si,1,24.965000000000003,2.5213099113013007
Esferas_BT474_dia_1_well_1_100X_1_blob_50,691.3472,508.7957,449.3101,508.7957,449.3101,99.7641,493.2065,434.7826,31.9293,29.8913,0.8729,33.8449,733,643,128.4802,27.1101,1.2166,0.8220000000000001,0.9526,si,1,30.4775,4.587430943395846
Esferas_BT474_dia_1_well_1_100X_1_blob_51,903.1819,734.9469,455.8082,734.9469,455.8082,111.5944,718.0707,438.8587,33.9674,33.9674,0.9114,35.3326,1065,691,52.0284,33.9674,1.0266,0.9741,0.9698,si,1,34.65,6.741262470809122
Esferas_BT474_dia_1_well_1_100X_1_blob_57,435.6687,562.2129,523.6203,562.2129,523.6203,81.6066,550.2717,511.5489,25.8152,23.7772,0.8221,26.6941,810,776,14.7436,22.5282,1.1336,0.8821,0.9337,si,1,24.61115,2.415612353610628
Esferas_BT474_dia_1_well_1_100X_1_blob_61,1076.7109,48.2761,580.8565,48.2761,580.8565,151.5877,25.8152,560.462,44.1576,40.7609,0.5888,50.0002,42,876,36.7142,29.783,1.8653,0.5361,0.8834,si,1,39.8916,10.286695558528796
Esferas_BT474_dia_1_well_1_100X_1_blob_62,422.7463,870.1875,571.6415,870.1875,571.6415,75.5125,858.6957,560.462,23.0978,22.4185,0.9316,24.6164,1269,855,50.5993,22.4185,1.0201,0.9803,0.9652,si,1,23.51745,2.1076680295538512
Esferas_BT474_dia_1_well_1_100X_1_blob_63,1078.0955,761.5262,586.0989,761.5262,586.0989,131.7418,737.7717,570.6522,46.1957,29.212,0.7806,46.7962,1086,859,170.8112,29.212,1.6925,0.5908,0.9477,si,1,38.0041,8.894527381146867
Esferas_BT474_dia_1_well_1_100X_1_blob_65,455.5138,233.9252,593.188,233.9252,593.188,79.1223,222.1467,580.8424,23.7772,24.4565,0.9144,25.2092,340,855,104.0362,23.7772,1.0283,0.9725,0.9639,si,1,24.4932,2.381047756667454
Esferas_BT474_dia_1_pozo_^~1_100X_1_blob_66,541.3553,913.0884,596.2499,913.0884,596.2499,86.1489,900.8152,582.8804,25.1359,26.4946,0.9166,28.1253,1327,866,142.8533,25.1359,1.0812,0.9249,0.965,si,1,26.6306,3.060373086856625
Esferas_BT474_dia_1_well_1_100X_1_blob_67,424.1309,1230.7096,611.4548,1230.7096,611.4548,76.638,1218.75,599.8641,23.7772,23.0978,0.9074,24.4942,1795,894,160.56,23.0978,1.0457,0.9563,0.9543,si,1,23.796,2.1834507510986514
"Esferoides/""_474BT__dia_1_well_1_100X_1_blob_72",1040.2514,1109.2192,663.5977,1109.2192,663.5977,152.6167,1085.5978,644.7011,46.875,40.0815,0.5612,52.9935,1601,956,143.8646,28.9829,2.1704,0.4607,0.8440000000000001,si,1,40.9882,11.158557606744884
Esferas_BT474_dia_1_well_1_100X_1_blob_73,496.5885,671.6199,668.8785,671.6199,668.8785,82.2377,658.9674,656.25,25.1359,25.1359,0.9227,26.1439,981,967,114.5672,25.1359,1.0032,0.9968,0.9629,si,1,25.6399,2.7313697856649544
Esferas_BT474_dia_1_well_1_100X_1_blob_74,460.5904,1429.4615,674.977,1429.4615,674.977,79.5203,1417.1196,663.0435,24.4565,24.4565,0.9153,25.5366,2088,984,151.3895,24.4565,1.0265,0.9742,,si,1,24.99655,2.530881058850155
Esferas_BT474_dia_1_well_1_100X_1_blob_75,1934.2029,1338.4459,722.3217,1338.4459,722.3217,171.7633,1315.8967,695.6522,48.913,56.3859,0.8239,60.0022,1950,1105,59.37,43.1344,1.4276,0.7005,0.9586,si,1,51.5683,22.2218373216818
Esferas_BT474_dia_1_well_1_100X_1_blob_76,699.6544,1470.7822,719.0596,1470.7822,719.0596,99.7641,1455.1629999999998,703.125,29.8913,31.25,0.8834,32.016,2162,1035,107.2815,29.2532,1.0788,0.9269,0.9604,si,1,30.6346,4.658736658607638
Esferas_BT474_dia_1_well_1_100X_1_blob_77,2566.9379,1153.372,751.8219,1153.372,751.8219,198.4993,1124.3207,718.75,60.462,63.8587,0.8187,70.5378,1671,1059,118.7866,46.5763,1.5227,0.6567,0.9641,si,1,58.55705,32.53636929166786
Esferas_BT474_dia_1_well_1_100X_1_blob_78,601.8136,773.9465,750.4684,773.9465,750.4684,91.6802,760.1902,735.7337,27.1739,29.212,0.8997,31.9366,1128,1125,60.7086,24.9127,1.3116,0.7624,0.9624,si,1,28.42465,3.72149035104034
Esferas_BT474_dia_1_well_1_100X_1_blob_81,811.3407,1572.7803,783.2494,1572.7803,783.2494,108.0812,1555.7065,766.9837,33.288000000000004,32.6087,0.8728,34.1368,2292,1164,31.1593,32.0309,1.0489,0.9534,0.9596,si,1,33.08385,5.867858724446036
Esferas_BT474_dia_1_well_1_100X_1_blob_82,1203.6271,815.096,802.8216,815.096,802.8216,129.0527,795.5163,781.9293,39.4022,41.4402,0.9082,42.2345,1191,1151,101.1292,37.1318,1.1002,0.9089,0.972,si,1,39.68315,10.12628009082524
Esferas_BT474_dia_1_well_1_100X_1_blob_84,375.2105,1557.1216,812.091,1557.1216,812.091,71.9992,1546.1957,800.9511,21.7391,22.4185,0.9096,23.3759,2278,1186,144.4623,21.7391,1.0347,0.9664,0.9553,si,1,22.5575,1.8599634841309551
Esferas_BT474_dia_1_well_1_100X_1_blob_85,413.9776,333.4897,813.6644,333.4897,813.6644,74.7165,322.0109,802.3098,-23.0978,22.4185,0.9319,24.0953,485,1181,111.5014,22.4185,1.0146,0.9856,0.963,si,1,23.2569,2.0383886683293704
Esferas_BT474_dia_1_well_1_100X_1_blob_86,323.0594,482.6805,816.8701,482.6805,816.8701,66.0016,472.1467,807.0652,21.0598,19.7011,0.9319,21.4829,698,1212,34.6952,19.7011,1.0659,0.9382,0.9589,si,1,20.592,1.4149044371711692
Esferas_BT474_dia_1_well_1_100X_1_blob_87,1087.3257,601.0536,829.8871,601.0536,829.8871,133.4301,581.5217,808.4239,36.6848,41.4402,0.7675,44.986,863,1244,51.7456,33.9036,1.3848,0.7221,0.9353,si,1,39.4448,9.944908575323932
Esferas_BT474_dia_1_well_1_100X_1_blob_88,441.6684,659.9651,821.8451,659.9651,821.8451,77.2691,648.7772,809.7826,22.4185,23.7772,0.9296,25.6358,961,1194,122.0054,22.4185,1.0608,0.9427,0.9676,si,1,24.02715,2.2476997581856883
Esferas_BT474_dia_1_well_1_100X_1_blob_89,590.2757,512.7252,835.1859,512.7252,835.1859,90.6229,501.3587,819.9728,23.7772,29.8913,0.9032,31.0426,746,1208,113.1986,23.7772,1.2814,0.7804,0.9697,si,1,27.4099,3.3369820701117283
Esferas_BT474_dia_1_well_1_100X_1_blob_90,1349.4654,1227.9468,855.2971,1227.9468,855.2971,143.1058,1207.8804,832.2011,41.4402,43.4783,0.8281,44.6978,1789,1287,65.7723,39.8361,1.0983,0.9105,0.9475,si,1,42.26695,12.235852982214016
Esferas_BT474_dia_1_well_1_100X_1_blob_91,985.7928,251.4115,877.6551,251.4115,877.6551,123.1234,231.6576,859.375,40.7609,35.3261,0.8172,43.5737,344,1277,149.0362,30.6852,1.5523,0.6442,0.9487,si,1,37.12945,8.294439963907594
Esferas_BT474_dia_1_well_1_100X_1_blob_94,1262.7009,544.6622,907.1285,544.6622,907.1285,139.6891,524.4565,883.8315,40.7609,46.1957,0.8132,50.33600000000001,783,1365,58.2405,34.0023,1.5656,0.6387,0.9551,si,1,42.16915,12.151113040022096
Esferas_BT474_dia_1_well_1_100X_1_blob_95,754.5745,1057.8117,907.3866,1057.8117,907.3866,123.1916,1043.4783,885.8696,28.5326,42.1196,0.6248,44.053,1547,1366,70.1679,22.9867,2.2096,0.4526,0.8762,si,1,33.519850000000005,6.102920595075831
Esferas_BT474_dia_1_well_1_100X_1_blob_96,1091.0178,1176.3017,911.0043,1176.3017,911.0043,132.566,1156.9293,891.9837,36.6848,39.4022,0.7801,43.9271,1717,1316,121.7236,36.6848,1.1354,0.8807,0.94,si,1,40.30595,10.610577096380045
Esferas_BT474_dia_1_well_1_100X_1_blob_97,798.4183,1124.332,910.663,1124.332,910.663,105.5969,1106.6576,896.0598,35.3261,29.212,0.8998,37.2156,1629,1332,158.58700000000005,28.3574,1.3201,0.7575,0.9684,si,1,32.786500000000004,5.711059605456505
Esferas_BT474_dia_1_well_1_100X_1_blob_98,284.2923,1461.9720000000002,906.0526,1461.9720000000002,906.0526,61.7607,1453.125,896.0598,18.3424,19.7011,0.9366,20.5383,2144,1321,124.2157,18.3424,1.0859,0.9209,0.961,si,1,19.44035,1.190539361791172
Esferas_BT474_dia_1_well_1_100X_1_blob_99,2140.038,723.2408,961.3778,723.2408,961.3778,182.5363,700.4076,929.3478,47.5543,61.1413,0.8071,64.5917,1051,1369,112.249,43.4323,1.4852,0.6733,0.966,si,1,54.012,25.53302654970301
Esferas_BT474_dia_1_well_1_100X_1_blob_101,833.4933,958.7614,994.5295,958.7614,994.5295,136.4772,942.9348,973.5054,31.9293,42.7989,0.5623,45.3334,1396,1496,70.7505,28.4082,1.8424,0.5428,0.8517,si,1,36.8708,8.122303289468062
Esferas_BT474_dia_1_well_1_100X_1_blob_103,410.2855,563.1316,1008.4032,563.1316,1008.4032,75.2793,551.6304,996.6033,23.0978,23.0978,0.9098,23.7772,815,1495,36.8699,23.0978,1.0082,0.9918,0.9569,si,1,23.4375,2.0862453182165
Esferas_BT474_dia_1_well_1_100X_1_blob_104,770.7275,916.0102,1018.0979,916.0102,1018.0979,105.0341,900.1359,1002.038,31.25,31.9293,0.8779,34.1908,1332,1519,49.0283,30.9004,1.0795,0.9264,0.962,si,1,32.5456,5.5860956429726745
Esferas_BT474_dia_1_well_1_100X_1_blob_105,1001.9457,1112.6151,1039.7775,1112.6151,1039.7775,118.7176,1093.75,1023.0978,37.3641,34.6467,0.8934,37.8976,1611,1521,165.4655,34.6467,1.0777,0.9279,0.9701,si,1,36.27215,7.733060647001241
Esferas_BT474_dia_1_well_1_100X_1_blob_106,2387.8707,1211.282,1068.1244,1211.282,1068.1244,189.9209,1182.0652,1038.0435,56.3859,58.4239,0.8319,61.8542,1757,1539,128.7581,52.4821,1.2061,0.8291,0.9695,si,1,57.16815,30.275682000962306
Esferas_BT474_dia_1_well_1_100X_1_blob_107,647.9649,1058.1167,1054.177,1058.1167,1054.177,95.3584,1044.1576,1039.4022,28.5326,29.8913,0.8955,31.6681,1549,1574,67.2856,27.5815,1.1344,0.8815,0.9564,si,1,29.6248,4.213061522135186
Esferas_BT474_dia_1_well_1_100X_1_blob_110,845.9542,417.7806,1073.1811,417.7806,1073.1811,109.275,400.8152,1057.7446,34.6467,31.9293,0.8903,36.8417,591,1591,22.7824,31.7045,1.1675,0.8565,0.964,si,1,34.2731,6.52366549499449
Esferas_BT474_dia_1_well_1_100X_1_blob_112,3057.0652,151.7729,1102.1894,151.7729,1102.1894,220.3749,119.5652,1069.2935,63.1793,65.2174,0.7909999999999999,73.7617,182,1655,40.1434,58.2185,1.2922,0.7739,0.9476,si,1,65.9901,46.565886933746064
Esferas_BT474_dia_1_well_1_100X_1_blob_113,1251.6245,518.6538,1108.0348,518.6538,1108.0348,132.9639,500.0,1085.5978,37.3641,44.1576,0.8896,45.0321,756,1663,78.6901,37.3641,1.1953,0.8366,0.9707,si,1,41.1981,11.330865441190374
Esferas_BT474_dia_1_well_1_100X_1_blob_116,426.9,1542.4129999999998,1144.4158,1542.4129999999998,1144.4158,77.036,1530.5707,1132.4728,23.0978,23.7772,0.904,24.8775,2259,1671,124.992,23.0978,1.0491,0.9532,0.9541,si,1,23.98765,2.2366324953204906
Esferas_BT474_dia_1_well_1_100X_1_blob_117,1031.9441,1268.9452,1167.9581,1268.9452,1167.9581,123.8227,1251.3587,1148.7772,33.288000000000004,39.4022,0.8458,41.507,1862,1748,68.8952,32.7571,1.2443,0.8037,0.9648,si,1,37.13205,8.296182547280736
Esferas_BT474_dia_1_well_1_100X_1_blob_118,1090.0948,834.0249,1175.0603,834.0249,1175.0603,124.6469,815.2174,1156.25,38.7228,37.3641,0.8817,39.4373,1200,1725,169.0772,37.0094,1.0771,0.9284,0.9629,si,1,38.22335,9.04935782773375
Esferas_BT474_dia_1_well_1_100X_1_blob_119,1046.251,559.7768,1181.7669,559.7768,1181.7669,121.2702,540.0815,1163.0435,37.3641,36.0054,0.894,42.447,799,1759,39.8056,33.1456,1.2779,0.7826,0.9736,si,1,37.7963,8.749422370543487
Esferas_BT474_dia_1_well_1_100X_1_blob_121,640.1192,1406.0636,1202.7584,1406.0636,1202.7584,95.1935,1390.625,1189.538,31.25,26.4946,0.8877,31.7191,2047,1767,170.1342,26.4946,1.1847,0.8441,0.9612,si,1,29.10685,3.995923297096277
Esferas_BT474_dia_1_well_1_100X_1_blob_122,362.7496,427.3245,1220.0154,427.3245,1220.0154,70.2425,416.4402,1209.2391,21.7391,21.7391,0.9239,22.4904,622,1811,64.9831,21.6167,1.0042,0.9958,0.9562,si,1,22.05355,1.7380691283114278
Esferas_BT474_dia_1_well_1_100X_1_blob_123,365.9802,632.6369,1224.1578,632.6369,1224.1578,71.0384,622.2826,1212.6359,21.0598,22.4185,0.9113,22.786,926,1818,79.6952,21.0598,1.0453,0.9566,0.956,si,1,21.9229,1.7073616742318845
Esferas_BT474_dia_1_well_1_100X_1_blob_126,1102.0942,284.9358,1257.6316,284.9358,1257.6316,131.1107,268.3424,1235.7337,32.6087,45.5163,0.8057,46.6579,409,1819,106.06,30.277,1.5796,0.6331,0.9503,si,1,38.46745,9.223838998039223
Esferas_BT474_dia_1_well_1_100X_1_blob_127,390.9019,1310.9011,1249.7814,1310.9011,1249.7814,72.9599,1299.5924,1238.4511,22.4185,22.4185,0.9228,24.4942,1920,1825,123.6901,21.6167,1.1052,0.9048,0.9614,si,1,23.05545,1.9858769256235536
Esferas_BT474_dia_1_well_1_100X_1_blob_128,765.1893,1504.4809,1285.8563,1504.4809,1285.8563,102.5498,1489.1304,1269.7011,29.8913,31.9293,0.9143,33.8108,2205,1915,67.5572,29.8913,1.092,0.9157,0.9676,si,1,31.85105,5.2360378991468135
Esferas_BT474_dia_1_well_2_100X_2_blob_10,1111.7859,75.4675,163.0983,75.4675,163.0983,131.2755,56.3859,142.66299999999995,36.6848,40.0815,0.8107,42.4144,96,266,58.0919,35.8357,1.1977,0.8349,0.9501,no,1,39.12505,9.705015571767724
Esferas_BT474_dia_1_well_2_100X_2_blob_13,2735.8518,122.2293,212.9512,122.2293,212.9512,207.0894,88.3152,185.462,67.2554,53.6685,0.8017,71.1339,133,341,28.5231,52.3585,1.3774,0.726,0.9547,no,1,61.7462,38.14716130359812
Esferas_BT474_dia_1_well_2_100X_2_blob_17,1131.631,762.5718,206.7157,762.5718,206.7157,141.3492,739.8098,190.8967,47.5543,32.6087,0.7118,47.9458,1089,298,172.6736,30.7594,1.5219999999999998,0.657,0.9307,no,1,39.3526,9.875334462361614
Esferas_BT474_dia_1_well_2_100X_2_blob_20,1944.3562,279.1356,275.6595,279.1356,275.6595,184.2929,258.8315,242.5272,43.4783,61.1413,0.7194,63.7067,397,358,111.9149,42.5361,1.6796,0.5954,0.9168,no,1,53.1214,24.29070146643545
Esferas_BT474_dia_1_well_2_100X_2_blob_21,1445.4602,1229.0617,293.5169,1229.0617,293.5169,159.4102,1199.7283,276.4946,58.4239,33.288000000000004,0.7148,59.0251,1766,438,11.9566,31.2715,1.9963,0.5009,0.9405,no,1,45.1483,14.912680948073993
Esferas_BT474_dia_1_well_2_100X_2_blob_29,2997.53,156.9903,424.0059,156.9903,424.0059,239.1919,131.1141,380.4348,56.3859,86.2772,0.6584,89.036,207,684,62.2618,45.2624,2.2181,0.4508,0.9096,no,1,67.14920000000001,49.06299420702825
Esferas_BT474_dia_1_well_2_100X_2_blob_31,1815.594,681.7033,430.9908,681.7033,430.9908,185.3503,661.6848,396.7391,38.0435,67.2554,0.6641,69.3667,986,584,104.1723,35.3963,2.1113,0.4736,0.9101,no,1,52.3815,23.28977603163826
Esferas_BT474_dia_1_well_2_100X_2_blob_47,746.2673,1252.747,593.2192,1252.747,593.2192,104.2382,1235.7337,578.8043,34.6467,28.5326,0.8631,34.7066,1819,869,176.6335,28.3123,1.2094,0.8268,0.9545,no,1,31.50945,5.069369967960731
Esferas_BT474_dia_1_well_2_100X_2_blob_48,667.3485,510.7291,620.044,510.7291,620.044,97.8427,496.6033,605.2989,29.212,30.5707,0.8759999999999999,31.3164,740,933,65.6589,28.5635,1.1044,0.9054,0.9551,no,1,29.939950000000003,4.348953179004597
Esferas_BT474_dia_1_well_2_100X_2_blob_51,833.4933,496.7195,662.7091,496.7195,662.7091,127.1994,474.8641,648.0978,-43.4783,29.8913,0.6474,44.3661,699,978,11.482,26.1978,1.9289,0.5184,0.8808,no,1,35.28195,7.116873727947032
Esferas_BT474_dia_1_well_2_100X_2_blob_55,1325.0052,1185.463,695.4079,1185.463,695.4079,142.9693,1164.4022,674.5924,44.837,42.7989,0.8146,48.7098,1721,1050,50.0921,36.4007,1.3330000000000002,0.7502,0.9507,no,1,42.55525,12.487944459219303
Esferas_BT474_dia_1_well_2_100X_2_blob_57,778.1117,873.9439,697.4614,873.9439,697.4614,110.0026,857.337,681.3859,32.6087,33.288000000000004,,36.0311,1268,1046,44.2361,30.1467,1.1789,0.8482,0.938,no,1,33.0889,5.870546187664
Esferas_BT474_dia_1_well_2_100X_2_blob_64,1575.1455,888.8779,829.6229,888.8779,829.6229,165.5043,870.2446,800.2717,37.3641,58.4239,0.7226,60.5878,1296,1178,107.6223,32.1269,1.9617,0.5098,0.9407,no,1,46.35735,16.143114421749974
Esferas_BT474_dia_1_well_2_100X_2_blob_65,774.4196,203.2452,820.938,203.2452,820.938,107.3535,188.1793,804.3478,29.212,35.3261,0.8444,36.2545,293,1184,102.9946,29.212,1.1868,0.8426,0.9526,no,1,32.73325,5.683278024632517
Esferas_BT474_dia_1_well_2_100X_2_blob_67,1534.9938,56.5779,847.2815,56.5779,847.2815,159.7681,29.212,825.4076,54.3478,42.7989,0.7557,55.9545,45,1266,29.0546,35.1588,1.6812,0.5948,0.9382,no,1,45.55665000000001,15.320991171168366
Esferas_BT474_dia_1_well_2_100X_2_blob_73,572.7382,877.6766,922.8946,877.6766,922.8946,89.4291,862.7717,910.3261,29.212,24.4565,0.8999,30.3281,1270,1354,164.4072,24.4565,1.2186,0.8206,0.9635,no,1,27.3923,3.3305581304567005
Esferas_BT474_dia_1_well_2_100X_2_blob_76,981.1776,813.1011,1022.1769,813.1011,1022.1769,126.4718,794.1576,1004.0761,37.3641,38.0435,0.7709,44.2359,1175,1484,132.5104,31.8515,1.4341,0.6973,0.938,no,1,38.0437,8.922360464359596
Esferas_BT474_dia_1_well_2_100X_1_blob_1,463.821,1421.7462,83.3249,1421.7462,83.3249,84.5571,1407.6087,71.3315,26.4946,24.4565,0.8152,27.3263,2075,113,145.1247,23.3637,1.1903,0.8401,0.9141,no,1,25.345,2.638204194808442
Esferas_BT474_dia_1_well_2_100X_1_blob_10,1249.7785,974.0905,447.6571,974.0905,447.6571,140.2919,958.5598,422.5543,29.8913,50.2717,0.7979999999999999,50.8241,1428,622,98.455,29.8913,1.7123,0.584,0.964,no,1,40.3577,10.651499292888836
Esferas_BT474_dia_1_well_2_100X_1_blob_14,263.5242,397.5321,521.8777,397.5321,521.8777,60.2371,388.587,512.9076,18.3424,18.3424,0.9126,19.7479,575,779,49.1849,18.3424,1.0082,0.9919,0.9509,no,1,19.04515,1.1193984789128468
Esferas_BT474_dia_1_well_2_100X_1_blob_24,1588.0678,822.4556,939.595,822.4556,939.595,169.8418,799.5924,915.0815,45.5163,46.875,0.6918,52.9804,1189,1349,130.8404,42.9348,1.1965,0.8358,0.9413,no,1,47.9576,17.873262879701628
Esferas_BT474_dia_1_well_2_100X_1_blob_28,2233.7252,1705.0119,1088.7937,1705.0119,1088.7937,196.1798,1678.6685,1054.3478,55.7065,65.2174,0.7293,72.0237,2482,1558,125.789,40.3748,1.86,0.5376,0.9305,no,1,56.199250000000006,28.762264728553
Esferas_BT474_dia_1_well_2_100X_1_blob_30,1208.2423,405.8999,1194.4533,405.8999,1194.4533,142.2417,386.5489,1171.1957,38.0435,47.5543,0.7504,54.0967,571,1727,125.2867,30.488000000000003,1.8241,0.5482,0.9539,no,1,42.29235,12.257925367642686
Esferas_BT474_dia_1_well_2_100X_3_blob_2,1463.9207,1549.4808,45.5981,1549.4808,45.5981,162.2241,1529.2120000000002,19.7011,39.4022,52.3098,0.6990000000000001,56.5493,2258,31,118.7203,35.8357,1.6969,0.5893,0.9125,no,1,46.1925,15.971507961780286
Esferas_BT474_dia_1_well_2_100X_3_blob_10,481.8201,1597.9855,172.5244,1597.9855,172.5244,82.0728,1584.9185,161.0054,26.4946,23.0978,0.8989,27.0462,2333,259,11.5922,23.0978,1.1252,0.8887,0.9569,no,1,25.072,2.5538680635529785
Esferas_BT474_dia_1_well_2_100X_3_blob_20,532.5865,1451.8917,300.808,1451.8917,300.808,88.9629,1438.8587,288.0435,26.4946,26.4946,0.8456,29.495,2122,427,128.4537,25.4597,1.1049,0.905,0.9498,no,1,27.47735,3.3616775744503062
Esferas_BT474_dia_1_well_2_100X_3_blob_24,745.3443,263.8715,349.7975,263.8715,349.7975,105.1989,247.962,332.8804,32.6087,31.25,0.8463,33.4264,378,492,127.5686,30.5656,1.0872,0.9198,0.9492,no,1,31.996,5.307849303639824
Esferas_BT474_dia_1_well_2_100X_3_blob_32,599.0445,1307.7702,535.2261,1307.7702,535.2261,96.5522,1292.1196,521.7391,31.9293,25.8152,0.8075,32.7922,1902,796,13.1726,25.6624,1.2668,0.7894,0.9288,no,1,29.2273,4.045736670428116
Esferas_BT474_dia_1_well_2_100X_3_blob_45,1093.3254,1504.5345,770.1056,1504.5345,770.1056,128.6264,1485.0543,751.3587,37.3641,39.4022,0.8304,44.4545,2190,1110,128.7966,35.0381,1.3078,0.7646,0.9465,no,1,39.74630000000001,10.174700598695084
Esferas_BT474_dia_1_well_2_100X_3_blob_52,942.4105,1125.5276,929.1994,1125.5276,929.1994,129.5189,1107.337,911.6848,36.0054,35.3261,0.706,40.1045,1637,1389,38.8114,33.3547,1.1282,0.8864,0.9204,no,1,36.72960000000001,8.029344948972094
Esferas_BT474_dia_1_well_2_100X_3_blob_71,691.3472,1413.2117,1202.4212,1413.2117,1202.4212,104.801,1399.4565,1186.8207,27.8533,31.25,0.7909999999999999,32.6794,2073,1792,69.3045,27.8533,1.1233,0.8902,0.946,no,1,30.26635000000001,4.492743967333453
Esferas_BT474_dia_1_well_2_100X_3_blob_72,763.3433,1378.4045,1218.856,1378.4045,1218.856,109.7695,1362.7717,1202.4457,33.288000000000004,32.6087,0.7961,33.9742,2006,1800,11.5346,31.2241,1.0426,0.9592,0.9374,no,1,32.59915,5.613714849640764
Esferas_BT474_dia_1_well_2_100X_3_blob_74,574.1228,1344.8504,1234.4547,1344.8504,1234.4547,91.4471,1330.8424,1220.788,27.8533,27.1739,0.8627,29.7985,1959,1810,155.7723,26.7363,1.0708,0.9339,0.9493,no,1,28.2674,3.6600676551406335
Esferas_BT474_dia_1_well_1_100X_2_blob_1,539.5092,191.3125,77.3175,191.3125,77.3175,87.0414,176.6304,65.2174,28.5326,24.4565,0.8949,29.495,260,109,165.3236,24.4565,1.1646,0.8587,0.9582,no,1,26.97575,3.180915293504504
Esferas_BT474_dia_1_well_1_100X_2_blob_3,384.9022,1196.8976,104.7955,1196.8976,104.7955,78.3264,1184.7826,94.4293,25.1359,20.3804,0.7884,25.4642,1744,156,9.211,20.3804,1.2136,0.8240000000000001,0.9429,no,1,22.9223,1.9516686961273548
Esferas_BT474_dia_1_well_1_100X_2_blob_4,365.5187,1447.6225,114.0678,1447.6225,114.0678,70.0777,1436.8207,103.2609,21.7391,21.0598,0.9353,22.6132,2117,177,32.7352,21.0598,1.0396,0.9619,0.9623,no,1,21.8365,1.6872545571264288
Esferas_BT474_dia_1_well_1_100X_2_blob_5,660.4258,95.3078,305.9869,95.3078,305.9869,119.7466,80.163,291.4402,31.9293,28.5326,0.5788,36.7099,121,463,38.991,27.1928,1.1993,0.8338,0.8992,no,1,31.95135,5.285659195392193
Esferas_BT474_dia_1_well_1_100X_2_blob_7,165.2218,66.0144,337.4784,66.0144,337.4784,47.1164,59.1033,330.163,14.2663,14.2663,0.9353,16.205,87,491,146.9761,14.2663,1.0776,0.928,0.9509,no,1,15.23565,0.573078983341928
Esferas_BT474_dia_1_well_1_100X_2_blob_8,335.0588,1107.4015,403.4325,1107.4015,403.4325,67.5934,1097.1467,393.3424,21.0598,19.7011,0.9216,22.0448,1616,586,146.3099,19.7011,1.0842,0.9224,0.9622,no,1,20.87295,1.47361155473701
Esferas_BT474_dia_1_well_1_100X_2_blob_13,428.746,52.4345,598.127,52.4345,598.127,76.638,40.7609,586.2772,23.0978,23.7772,0.9173,24.5507,72,863,104.4208,23.0978,1.038,0.9634,0.9602,no,1,23.82425,2.1912363966555057
Esferas_BT474_dia_1_well_1_100X_2_blob_15,572.7382,1328.37,651.1341,1328.37,651.1341,90.8843,1315.2174,636.5489,26.4946,29.212,0.8713,30.9383,1948,937,109.2307,26.2021,1.1282,0.8863,0.9535,no,1,28.5702,3.778951878605112
Esferas_BT474_dia_1_well_1_100X_2_blob_18,691.3472,102.8641,766.2803,102.8641,766.2803,116.961,85.5978,750.6793,33.288000000000004,33.288000000000004,0.6351,40.1333,126,1118,146.0409,26.9008,1.5397,0.6495,0.8954,no,1,33.51705,6.101391344471827
Esferas_BT474_dia_1_well_1_100X_2_blob_19,555.2007,545.9311,871.3421,545.9311,871.3421,94.9604,533.288,855.2989,23.7772,32.6087,0.7737,33.6123,797,1307,75.9638,23.2721,1.5019999999999998,0.6658,0.9243,no,1,28.4422,3.7283877962977456
Esferas_BT474_dia_1_well_1_100X_2_blob_20,545.0474,1271.8349,980.4269,1271.8349,980.4269,88.79799999999999,1259.5109,966.0326,25.1359,28.5326,0.8686,29.2199,1866,1423,107.5924,24.6552,1.2047,0.8301,0.954,no,1,26.93755,3.167421065313204
Esferas_BT474_dia_1_well_1_100X_1_blob_1,399.6707,830.1403,37.9862,830.1403,37.9862,82.2377,818.6141,23.0978,21.7391,27.1739,0.7426,28.7902,1215,74,70.71,20.431,1.4862,0.6729,0.8983,no,1,24.6106,2.415450407853848
Esferas_BT474_dia_1_well_1_100X_1_blob_4,798.4183,836.9561,84.1366,836.9561,84.1366,113.5159,821.3315,64.538,29.8913,38.0435,0.7786,41.6402,1219,149,61.7626,25.8242,1.5933,0.6276,0.9519,no,1,33.7322,6.219643892073775
Esferas_BT474_dia_1_well_1_100X_1_blob_11,663.6564,897.3136,166.4941,897.3136,166.4941,95.7563,882.4728,151.4946,29.8913,28.5326,0.9095,31.4047,1308,226,128.8534,28.0955,1.1074,0.903,0.9667,no,1,29.7501,4.266746191330123
Esferas_BT474_dia_1_well_1_100X_1_blob_14,710.2692,1679.2814,183.8223,1679.2814,183.8223,127.4326,1666.4402,163.0435,23.7772,42.1196,0.5496,42.7773,2469,240,100.0607,23.7707,2.152,0.4647,0.8522,no,1,33.274,5.969618212758492
Esferas_BT474_dia_1_well_1_100X_1_blob_17,492.8964,927.9363,198.7811,927.9363,198.7811,83.9943,915.0815,186.1413,25.8152,25.1359,,29.4009,1351,310,49.6859,23.5054,1.2537,0.7977,0.9553,no,1,26.45315,2.9996024769594616
Esferas_BT474_dia_1_well_1_100X_1_blob_19,1135.7846,1497.1652,217.509,1497.1652,217.509,137.8076,1481.6576,192.2554,31.9293,47.5543,0.7516,48.3675,2196,353,79.4792,31.9248,1.6933,0.5906,0.9368,no,1,40.14615,10.48487431164174
Esferas_BT474_dia_1_well_1_100X_1_blob_22,562.1234,1585.9615,246.0572,1585.9615,246.0572,113.118,1569.9728,233.0163,33.288000000000004,26.4946,0.552,35.0177,2311,348,161.9166,25.4954,1.3687,0.7306,0.8403,no,1,30.25655,4.488381237481439
Esferas_BT474_dia_1_well_1_100X_1_blob_28,1133.0156,1007.7051,331.9807,1007.7051,331.9807,142.6396,986.413,309.1033,-38.7228,44.837,0.6998,48.315,1467,521,62.354,32.0994,1.6081,0.6218,0.9021,no,1,40.2072,10.532779936610725
Esferas_BT474_dia_1_well_1_100X_1_blob_29,926.2575,1398.2202,345.2832,1398.2202,345.2832,124.1524,1381.7935,323.3696,31.25,42.1196,0.7551,44.2568,2050,476,107.8787,31.25,1.5325,0.6525,0.9215,no,1,37.7534,8.719663557130072
Esferas_BT474_dia_1_well_1_100X_1_blob_33,635.504,871.0288,354.9834,871.0288,354.9834,97.0467,856.6576,338.9946,28.5326,31.9293,0.8479,35.2345,1268,501,123.9965,23.1849,1.5148,0.6602,0.9572,no,1,29.2097,4.038432325240613
Esferas_BT474_dia_1_well_1_100X_1_blob_34,687.1936,533.6259,357.6885,533.6259,357.6885,99.0365,521.0598,341.712,26.4946,33.288000000000004,0.8804,34.9386,774,551,63.4349,26.4946,1.3212,0.7569,0.9628,no,1,30.7166,4.6962471728211215
Esferas_BT474_dia_1_well_1_100X_1_blob_35,613.8129,243.4931,369.4549,243.4931,369.4549,91.5154,229.6196,355.2989,27.8533,27.8533,0.921,29.4323,338,536,161.1468,27.7655,1.0343,0.9669,0.9666,no,1,28.5989,3.790351683722248
Esferas_BT474_dia_1_well_1_100X_1_blob_37,655.8106,1155.9548,373.8667,1155.9548,373.8667,95.1935,1141.9837,358.6957,27.8533,29.8913,0.9094,31.9366,1689,531,119.2914,27.8533,1.1187,0.8939,0.9618,no,1,29.89495,4.329373096475498
Esferas_BT474_dia_1_well_1_100X_1_blob_41,1083.1721,850.2605,404.4141,850.2605,404.4141,129.4223,834.9185,383.1522,31.25,42.7989,0.8126,43.6531,1241,625,69.0265,31.25,1.3982,0.7152,0.9552,no,1,37.45155,8.512182166922544
Esferas_BT474_dia_1_well_1_100X_1_blob_45,1741.7518,436.2383,444.1695,436.2383,444.1695,199.102,410.3261,410.3261,46.875,69.9728,0.5521,71.6961,625,604,102.5877,38.2377,2.0541,0.4868,0.85,no,1,54.9669,26.91133567339204
Esferas_BT474_dia_1_well_1_100X_1_blob_46,708.8847,356.7439,429.7335,356.7439,429.7335,102.7829,338.3152,417.1196,36.0054,24.4565,0.8432,36.1653,498,631,174.6107,24.4565,1.466,0.6822,0.9573,no,1,30.3109,4.51261222016105
Esferas_BT474_dia_1_well_1_100X_1_blob_49,781.3423,1369.8086,453.7584,1369.8086,453.7584,121.037,1352.5815,434.1033,34.6467,38.0435,0.6702,44.032,1996,641,128.1076,24.9793,2.0108,0.4973,0.9001,no,1,34.50565,6.6573617798405404
Esferas_BT474_dia_1_well_1_100X_1_blob_52,9721.7812,1224.0822,535.7589,1224.0822,535.7589,419.8749,1156.9293,476.2228,122.962,112.0924,0.693,128.9276,1704,783,158.0304,105.6654,1.1457,0.8728,0.9219,no,1,117.2965,261.5090241955332
Esferas_BT474_dia_1_well_1_100X_1_blob_53,2359.7184,705.4459,508.4964,705.4459,508.4964,214.6388,675.9511,476.9022,59.7826,61.8207,0.6437,62.1223,1037,702,95.6482,52.3184,1.1374,0.8792,0.9046,no,1,57.22035,30.358691548468126
Esferas_BT474_dia_1_well_1_100X_1_blob_54,1202.7041,1432.9109,518.2689,1432.9109,518.2689,155.9935,1406.9293,497.962,49.5924,39.4022,0.6211,51.9601,2072,782,25.56,34.3133,1.74,0.5747,0.8899,no,1,43.1367,13.00685426144641
Esferas_BT474_dia_1_well_1_100X_1_blob_55,398.2861,1012.5986,509.342,1012.5986,509.342,73.7558,1001.3587,498.6413,23.0978,21.7391,0.9201,24.3241,1479,735,125.9097,21.7391,1.0733,0.9317,0.96,no,1,23.0316,1.9797203527330007
Esferas_BT474_dia_1_well_1_100X_1_blob_56,304.1374,127.1148,519.4109,127.1148,519.4109,65.0408,116.8478,509.5109,20.3804,19.7011,0.9035,20.8395,172,768,19.0256,19.7011,1.025,0.9756,0.9435,no,1,20.2703,1.3496216883687129
Esferas_BT474_dia_1_well_1_100X_1_blob_58,472.5898,539.6821,537.3283,539.6821,537.3283,80.87899999999998,527.8533,525.1359,24.4565,25.1359,0.9079,25.7794,788,809,71.5651,24.4565,1.0288,0.972,0.9579,no,1,25.11795,2.5679354023263867
Esferas_BT474_dia_1_well_1_100X_1_blob_59,455.9753,770.5826,546.7808,770.5826,546.7808,85.6827,757.4728,534.6467,26.4946,23.7772,0.7805,30.4496,1118,819,38.6598,21.5714,1.3698,0.73,0.9273,no,1,26.0105,2.8515278793230165
Esferas_BT474_dia_1_well_1_100X_1_blob_60,476.2819,973.41,549.7063,973.41,549.7063,81.2769,960.5978,538.0435,25.8152,23.7772,0.906,27.1484,1417,821,31.7014,23.2015,1.164,0.8591,0.9587,no,1,25.17495,2.5854573017173634
Esferas_BT474_dia_1_well_1_100X_1_blob_64,560.2774,690.4284,591.5267,690.4284,591.5267,104.4713,673.2337,578.8043,36.0054,25.1359,0.6451,38.9071,991,856,155.2249,19.4814,2.1266,0.4702,0.8891,no,1,29.19425,4.032027523096839
Esferas_BT474_dia_1_well_1_100X_1_blob_68,401.0552,152.1876,615.3019,152.1876,615.3019,73.7558,141.3043,603.9402,22.4185,22.4185,0.9264,23.9319,213,920,55.4077,22.4185,1.0106,0.9895,0.9623,no,1,23.1752,2.016981859031873
Esferas_BT474_dia_1_well_1_100X_1_blob_69,659.0412,790.8684,626.8868,790.8684,626.8868,101.987,779.8913,609.375,22.4185,35.3261,0.7962,35.7546,1157,948,75.6997,22.4185,1.6121,0.6203,0.9504,no,1,29.08655000000001,3.987568492389728
Esferas_BT474_dia_1_well_1_100X_1_blob_70,365.9802,234.1013,625.3619,234.1013,625.3619,70.2425,222.8261,614.8098,21.7391,21.7391,0.9321,22.8366,338,905,112.751,21.6167,1.0225,0.978,0.9618,no,1,22.22665,1.779317918080786
Esferas_BT474_dia_1_well_1_100X_1_blob_71,695.5008,1223.8117,637.1897,1223.8117,637.1897,107.6832,1207.8804,620.9239,32.6087,31.25,0.7537,39.1495,1778,918,141.3402,25.3315,1.575,0.6349,,no,1,32.2405,5.430462576144074
Esferas_BT474_dia_1_well_1_100X_1_blob_79,1411.7697,1288.1873,773.8932,1288.1873,773.8932,171.1322,1269.7011,741.8478,37.3641,59.1033,0.6058,60.8424,1888,1092,106.209,34.552,1.8763,0.5329999999999999,0.8958,no,1,47.6972,17.583696342927507
Esferas_BT474_dia_1_well_1_100X_1_blob_80,808.1101,1098.3279,762.765,1098.3279,762.765,128.9561,1079.4837,747.962,40.0815,30.5707,0.6107,42.3218,1589,1131,18.7258,28.0097,1.7623,0.5674,0.8795,no,1,35.16575,7.046787458729839
Esferas_BT474_dia_1_well_1_100X_1_blob_83,900.4128,1253.1643,805.2537,1253.1643,805.2537,112.5552,1236.413,788.0435,33.9674,33.9674,0.8931,35.463,1824,1202,36.4309,33.7347,1.0026,0.9975,0.9608,no,1,34.59885,6.711452357183112
Esferas_BT474_dia_1_well_1_100X_1_blob_92,839.493,663.6872,887.2796,663.6872,887.2796,124.1524,648.0978,868.8859,30.5707,37.3641,0.6844,41.1272,963,1281,120.8014,28.1412,1.516,0.6596,0.9141,no,1,34.6342,6.732044861614085
Esferas_BT474_dia_1_well_1_100X_1_blob_93,1937.4335,825.0524,905.3941,825.0524,905.3941,205.7307,792.1196,881.1141,63.1793,49.5924,0.5752,69.7118,1175,1301,142.125,38.7775,1.98,0.505,0.8771,no,1,54.24465,25.86439081834125
Esferas_BT474_dia_1_well_1_100X_1_blob_100,1763.443,773.1863,991.9551,773.1863,991.9551,206.8845,741.1685,963.3152,61.8207,54.3478,0.5177,67.2417,1092,1487,29.6731,39.6484,2.0632,0.4847,0.8481,no,1,53.44505,24.7373960917482
Esferas_BT474_dia_1_well_1_100X_1_blob_102,458.7444,386.2598,1000.2126,386.2598,1000.2126,80.7141,374.3207,987.7717,23.7772,24.4565,0.8849,25.437,552,1482,34.1145,23.7772,1.0217,0.9787,0.9576,no,1,24.6071,2.4144200135294365
Esferas_BT474_dia_1_well_1_100X_1_blob_108,386.2868,696.3352,1058.5152,696.3352,1058.5152,72.7951,685.462,1047.5543,22.4185,21.7391,0.916,23.4252,1016,1573,60.4612,21.7391,1.0218,0.9786,0.9588,no,1,22.58215,1.866067647168226
Esferas_BT474_dia_1_well_1_100X_1_blob_109,2386.9477,772.2309,1084.3148,772.2309,1084.3148,203.1381,737.7717,1057.0652,62.5,59.1033,0.7269,65.3623,1088,1580,142.1772,50.3464,1.2778,0.7826,0.9282,no,1,57.85435,31.379034427899335
Esferas_BT474_dia_1_well_1_100X_1_blob_111,1836.8236,607.5385,1084.3859,607.5385,1084.3859,175.1118,579.4837,1061.8207,52.9891,44.837,0.7527,56.2876,853,1607,23.471,44.837,1.2145,0.8234,0.9519,no,1,50.56229999999999,20.94652493983521
Esferas_BT474_dia_1_well_1_100X_1_blob_114,2087.8869,1013.9341,1133.4216,1013.9341,1133.4216,195.7936,976.2228,1114.8098,76.7663,37.3641,0.6844,77.1292,1437,1666,174.4401,36.5526,2.2394,0.4466,0.9514,no,1,56.8409,29.75872754288197
Esferas_BT474_dia_1_well_1_100X_1_blob_115,1056.8658,442.2887,1144.1484,442.2887,1144.1484,139.6608,427.9891,1118.8859,29.212,50.2717,0.6809,51.5812,640,1721,77.0619,27.5824,2.0671,0.4838,0.8956,no,1,39.5818,10.048891105416423
Esferas_BT474_dia_1_well_1_100X_1_blob_120,2660.6251,1193.4589999999996,1195.3735,1193.4589999999996,1195.3735,199.5283,1161.0054,1166.4402,62.5,60.462,0.8398,68.8961,1710,1732,139.3987,50.43899999999999,1.3564,0.7373,0.9659,no,1,59.66755,34.42279551656504
Esferas_BT474_dia_1_well_1_100X_1_blob_124,796.5722,1477.9043,1243.7792,1477.9043,1243.7792,107.5184,1461.2772,1227.5815,32.6087,31.25,0.8659,35.3326,2156,1816,142.0284,31.2241,1.0855,0.9212,0.9592,no,1,33.27835,5.97195979184901
Esferas_BT474_dia_1_well_1_100X_1_blob_125,625.3508,567.4362,1247.8619,567.4362,1247.8619,93.2721,555.0272,1233.0163,27.1739,29.212,0.9033,30.5178,825,1858,73.1786,27.1739,1.0582,0.945,0.9692,no,1,28.84585,3.8893904396982566
